,roi,side,eccen,subject,preferred_period,sigma
0,1,0,1.5,1,0.5119012508289671,0.7014003574185901
1,1,0,2.5,1,0.4401362719831095,1.786381528435684
2,1,0,3.5,1,0.4739248843107003,1.934529151890304
3,1,0,4.5,1,0.598553365262572,1.4804047648919458
4,1,0,5.5,1,0.7276353179760126,1.5578349206596611
5,1,0,6.5,1,0.7723790853258047,1.7471719243395047
6,1,0,7.5,1,0.8827563515305302,2.190887934015703
7,1,0,8.5,1,1.0332604630336537,2.397785844224872
8,1,0,9.5,1,1.2080312541687208,2.7866802143328115
9,1,0,10.5,1,1.5162396208165168,2.135081385445391
10,1,0,11.5,1,1.597963291645461,1.6140075591392815
11,1,1,1.5,1,0.3740200227029802,0.5203663720599105
12,1,1,2.5,1,0.445353610291464,0.9687454591792328
13,1,1,3.5,1,0.5486454741849679,1.5600601996694292
14,1,1,4.5,1,0.6713405036847224,1.950885884306602
15,1,1,5.5,1,0.7645286065588242,2.32669998395561
16,1,1,6.5,1,0.8462567905482155,2.395787578687739
17,1,1,7.5,1,0.9113811483246432,1.6990616813388173
18,1,1,8.5,1,1.167219563392108,1.3523067790648842
19,1,1,9.5,1,1.4231409989284989,0.9067074378985844
20,1,1,10.5,1,1.3194660749920266,0.5771058995176006
21,1,1,11.5,1,0.0261308678642912,0.4381457742258727
22,1,0,1.5,2,0.5841803181227532,2.6447011766045594
23,1,0,2.5,2,0.7514302244416812,2.7738217880476768
24,1,0,3.5,2,0.9084842375094562,2.8942197887102763
25,1,0,4.5,2,1.0801225506268206,2.990872257117984
26,1,0,5.5,2,1.288680949927042,3.1344823326101365
27,1,0,6.5,2,1.5685301434421737,3.149299509925385
28,1,0,7.5,2,1.830549430371891,3.506370551828155
29,1,0,8.5,2,1.9940321228280573,2.7103947438299656
30,1,0,9.5,2,2.109881956463766,2.840970084869436
31,1,0,10.5,2,2.447002681259649,2.6226400403726484
32,1,0,11.5,2,2.2348317349833717,2.461041723843664
33,1,1,1.5,2,0.5318830846738395,2.3413070785620858
34,1,1,2.5,2,0.6272978362038675,2.3960045221306028
35,1,1,3.5,2,0.7861878535125082,2.4000123367050654
36,1,1,4.5,2,0.9803923376376524,2.731523726745085
37,1,1,5.5,2,1.1750801110251048,3.721657580988748
38,1,1,6.5,2,1.4678506199501942,4.455058858471532
39,1,1,7.5,2,1.6793092170335764,4.786512168137343
40,1,1,8.5,2,2.0080776919625896,4.275870816111564
41,1,1,9.5,2,2.017570480685158,2.5018808065077005
42,1,1,10.5,2,1.8268535003932915,1.3155772326484558
43,1,1,11.5,2,1.6022658506418714,0.9018343286413066
44,1,0,1.5,3,0.3502591824945054,0.5595945113944629
45,1,0,2.5,3,0.5474999500455688,0.8128267554793416
46,1,0,3.5,3,0.6182035656234572,1.127999719764505
47,1,0,4.5,3,0.5569474752249178,1.4788866000305307
48,1,0,5.5,3,0.6086184000597378,1.4088712407343358
49,1,0,6.5,3,0.6931277547473186,1.0089163185022345
50,1,0,7.5,3,0.8769851182085523,1.161855791070882
51,1,0,8.5,3,0.9018010484339838,1.2274338448047637
52,1,0,9.5,3,1.2415714277232628,1.1352454415921651
53,1,0,10.5,3,1.348960666056151,1.3879718670867525
54,1,0,11.5,3,1.3767043115042832,1.223488952534703
55,1,1,1.5,3,16.62072829145349,1.2579415483196927
56,1,1,2.5,3,0.665662670678953,1.177642429475304
57,1,1,3.5,3,0.6171976047755721,0.9301070105284452
58,1,1,4.5,3,0.695449882463856,1.1985076664184982
59,1,1,5.5,3,0.7094280319855284,1.029178592813226
60,1,1,6.5,3,0.7426062119247929,0.9939974058264246
61,1,1,7.5,3,1.0302364212616717,1.0697456978311477
62,1,1,8.5,3,1.261623434838767,1.3953289828496054
63,1,1,9.5,3,1.327102133729563,1.637892026371426
64,1,1,10.5,3,1.1926714959862004,1.3187913608255115
65,1,1,11.5,3,1.2907420577670978,1.304096567754944
66,1,0,1.5,4,0.3656792610040674,0.355010046060584
67,1,0,2.5,4,0.5180274240690923,1.001125812481339
68,1,0,3.5,4,0.6470912115575433,1.4289123234057342
69,1,0,4.5,4,0.8373183691853645,1.7490772503417926
70,1,0,5.5,4,1.0105277723525437,1.8285485574240172
71,1,0,6.5,4,1.2065020567468925,1.7861594062762198
72,1,0,7.5,4,1.4124798678208637,1.7146315854394212
73,1,0,8.5,4,1.5804789376303654,1.7315343621722812
74,1,0,9.5,4,1.6972730889532928,1.6711040476903969
75,1,0,10.5,4,2.0780622319353474,1.282297493028107
76,1,0,11.5,4,2.3620725938774725,0.8879878333234411
77,1,1,1.5,4,0.3018238113455958,0.3463176245833265
78,1,1,2.5,4,0.4021741951702972,0.8597282081748705
79,1,1,3.5,4,0.581415782147072,1.274650099453422
80,1,1,4.5,4,0.734523856117317,1.329097804742131
81,1,1,5.5,4,0.897677404151713,1.5219052951455616
82,1,1,6.5,4,1.0587590987443185,1.810001443653572
83,1,1,7.5,4,1.1996442408514845,1.9407254529788212
84,1,1,8.5,4,1.4040833175544307,1.849402870129173
85,1,1,9.5,4,1.5423754131640002,1.1001582977613569
86,1,1,10.5,4,1.758122446431894,1.164442857539435
87,1,1,11.5,4,1.979579069560012,1.221252550659454
88,1,0,1.5,5,0.2909897830747697,0.4654347254963946
89,1,0,2.5,5,0.4173136522546065,1.0501761685420827
90,1,0,3.5,5,0.5752259167257672,1.7607845945249905
91,1,0,4.5,5,0.6145813292760014,2.1039378797658816
92,1,0,5.5,5,0.6979923440206448,2.375801607138581
93,1,0,6.5,5,0.7591859699229466,2.3541175273471864
94,1,0,7.5,5,0.8400728531520376,2.6540234150030675
95,1,0,8.5,5,0.974158240009643,2.708922636417942
96,1,0,9.5,5,1.0454562305389026,2.455210514473064
97,1,0,10.5,5,1.188844857978593,2.56074928243955
98,1,0,11.5,5,1.366626686541376,2.720853160738945
99,1,1,1.5,5,0.3967485340088341,0.3417414469355737
100,1,1,2.5,5,0.4173316335316803,0.7231185993803736
101,1,1,3.5,5,0.5345355519178344,1.6056452697115158
102,1,1,4.5,5,0.6148330986323909,2.123530392202071
103,1,1,5.5,5,0.6697526467857977,2.59175958947029
104,1,1,6.5,5,0.7318710181265267,3.0645215617758885
105,1,1,7.5,5,0.7717106493702407,3.4466671466827394
106,1,1,8.5,5,0.822662328652899,3.864697063206048
107,1,1,9.5,5,0.8928225982225243,3.9921032722938703
108,1,1,10.5,5,0.8048905461775049,3.401379343400251
109,1,1,11.5,5,0.9441590173667114,2.58723496064982
110,1,0,1.5,6,0.5143578891166022,0.7660690535708229
111,1,0,2.5,6,0.8833359503520922,0.706887741463422
112,1,0,3.5,6,0.7658698288958588,0.7524947182142309
113,1,0,4.5,6,0.9593753604916796,1.0888140642235422
114,1,0,5.5,6,1.207719339392311,1.0127220226658715
115,1,0,6.5,6,1.2782952539560923,1.6277094446969302
116,1,0,7.5,6,1.513237787415726,2.037688480851091
117,1,0,8.5,6,1.6577924205730454,2.294017591295035
118,1,0,9.5,6,1.9545943296431387,2.302207083721471
119,1,0,10.5,6,2.1202908724491776,2.190332906999329
120,1,0,11.5,6,2.3315947604439504,1.9754148391531965
121,1,1,1.5,6,0.5883308549486613,0.9163027408423724
122,1,1,2.5,6,0.7174100157452397,0.8989282139012071
123,1,1,3.5,6,0.9490104322120664,1.0155876257589884
124,1,1,4.5,6,1.1004595706642788,1.1752240963223326
125,1,1,5.5,6,1.3104831745750305,1.2445902867948628
126,1,1,6.5,6,1.5244951127062456,1.5010585112278687
127,1,1,7.5,6,1.727324201295409,1.609776201565842
128,1,1,8.5,6,1.8953241928894209,1.925210959101851
129,1,1,9.5,6,2.179756901073897,1.865441452123617
130,1,1,10.5,6,2.478786374587259,1.8522095037298605
131,1,1,11.5,6,2.818100828502963,1.667575650375623
132,1,0,1.5,7,0.4965629752494429,1.6640625677628225
133,1,0,2.5,7,0.543137534406881,2.0843367396036583
134,1,0,3.5,7,0.7187458126905941,2.121181361958883
135,1,0,4.5,7,0.8942216044139419,2.4451667882300714
136,1,0,5.5,7,1.0094329464862464,2.13274582884959
137,1,0,6.5,7,1.129912199773268,2.1792447807327395
138,1,0,7.5,7,1.2994646336611992,2.174426201042856
139,1,0,8.5,7,1.4649607562490676,2.2645438254630865
140,1,0,9.5,7,1.6644030449521503,2.7143863665588785
141,1,0,10.5,7,1.9317537866952856,2.9653498132068377
142,1,0,11.5,7,2.2292789834046243,3.4558103843679966
143,1,1,1.5,7,0.4991698194783254,0.7192621864731004
144,1,1,2.5,7,0.5732940769661903,1.1801698573936636
145,1,1,3.5,7,0.6416240223874325,1.2162794785851494
146,1,1,4.5,7,0.8395883298909951,1.751251098259475
147,1,1,5.5,7,0.9614170557204283,2.114445076059939
148,1,1,6.5,7,1.0309946981861535,2.368055929488773
149,1,1,7.5,7,1.1968877550318635,2.665048912951821
150,1,1,8.5,7,1.358760240660414,3.084164702516841
151,1,1,9.5,7,1.7055189658389402,3.236285781631103
152,1,1,10.5,7,1.847022293027813,3.0067493483318506
153,1,1,11.5,7,1.8837654349536856,3.2493103047931826
154,1,0,1.5,8,0.5415873349481198,1.682502923216544
155,1,0,2.5,8,0.4630102906665645,1.5440424985542731
156,1,0,3.5,8,0.4575078853730885,1.8922887071967125
157,1,0,4.5,8,0.5993176370073714,2.1976982418606457
158,1,0,5.5,8,0.7070842593357592,2.0992889401527144
159,1,0,6.5,8,0.8276155713664233,2.3829810983604856
160,1,0,7.5,8,0.9032258154130556,2.66840173820265
161,1,0,8.5,8,1.0792208863689063,2.0511646822772245
162,1,0,9.5,8,1.1757581912957744,1.433969803571701
163,1,0,10.5,8,1.141769266674699,1.228459421930642
164,1,0,11.5,8,1.0763178777387332,1.0872850354731551
165,1,1,1.5,8,0.5562930185475142,1.146862389434368
166,1,1,2.5,8,0.4176538553103855,1.32303777504793
167,1,1,3.5,8,0.2742895907681559,1.892864796263639
168,1,1,4.5,8,0.5356714155372563,2.24551159286499
169,1,1,5.5,8,0.6983873205563954,2.6130960936347645
170,1,1,6.5,8,0.8470350090047895,2.947839921171015
171,1,1,7.5,8,0.9800998107119274,3.09542826966693
172,1,1,8.5,8,1.18759819472654,2.7605124160969
173,1,1,9.5,8,1.1044076733801926,2.5327252173423767
174,1,1,10.5,8,1.240447351147999,2.384915203347311
175,1,1,11.5,8,1.034233161639031,1.2527974439928165
176,1,0,1.5,9,31.999999995513583,1.1878329757976052
177,1,0,2.5,9,0.970672015555938,1.9229794015089672
178,1,0,3.5,9,0.7978913712133683,1.8318445292393584
179,1,0,4.5,9,0.7992178691528423,1.893432214530795
180,1,0,5.5,9,0.9403716740409304,2.2003460291893253
181,1,0,6.5,9,1.0323403894561287,2.4656175264427738
182,1,0,7.5,9,1.2703906943739764,2.504628473470191
183,1,0,8.5,9,1.4345013866429288,2.680318362934073
184,1,0,9.5,9,1.3976784615393558,2.721429078280926
185,1,0,10.5,9,1.3519118370885446,2.7170482825645257
186,1,0,11.5,9,1.597065239520656,3.174864055080848
187,1,1,1.5,9,0.494143065065751,2.0462293796675297
188,1,1,2.5,9,0.4221931431661715,1.988876665555514
189,1,1,3.5,9,0.5595248754802064,1.730877395519396
190,1,1,4.5,9,0.7289960966766093,1.7767788412595036
191,1,1,5.5,9,0.8474966571409965,1.6903798392362144
192,1,1,6.5,9,0.9784798355061404,1.8643468471316549
193,1,1,7.5,9,1.045239241828636,1.9749593244403856
194,1,1,8.5,9,1.1579202121568253,2.3111004503192127
195,1,1,9.5,9,1.3304838610033003,2.3979086940580943
196,1,1,10.5,9,1.4478524385853635,2.719631411489986
197,1,1,11.5,9,1.6165941674831814,3.1933854833807587
198,1,0,1.5,10,0.487225497823111,0.6597407723410271
199,1,0,2.5,10,0.6619053299215104,0.2845580680355145
200,1,0,3.5,10,0.740471456834684,0.7016123792965798
201,1,0,4.5,10,0.6953222924302366,0.7192256138716118
202,1,0,5.5,10,0.9406365680513183,1.0163613233666915
203,1,0,6.5,10,1.1399578579727911,1.1207194238519058
204,1,0,7.5,10,1.2553987481344582,1.425325034030022
205,1,0,8.5,10,1.4602486719583252,1.983553777138392
206,1,0,9.5,10,1.5364888016025653,2.061497887701131
207,1,0,10.5,10,1.7972321854356514,2.6717609118442147
208,1,0,11.5,10,1.9705374502811868,2.9941180732689405
209,1,1,1.5,10,0.536567773965116,0.2182283844677326
210,1,1,2.5,10,0.3644309972703332,0.2752900971880172
211,1,1,3.5,10,0.5619551246638465,0.6800418115449401
212,1,1,4.5,10,0.739185307425297,0.9937145234695796
213,1,1,5.5,10,0.7863739442098174,1.2654010411690582
214,1,1,6.5,10,0.9317335700924408,1.95964691602507
215,1,1,7.5,10,1.1656231645655692,2.227223848452384
216,1,1,8.5,10,1.3453089252883772,2.379861190353976
217,1,1,9.5,10,1.5806192203736364,2.804406624616578
218,1,1,10.5,10,1.8520741727136427,2.725748472280946
219,1,1,11.5,10,2.0464031124749837,2.1285301423752245
220,1,0,1.5,11,0.7109010714914488,0.3501069835123349
221,1,0,2.5,11,0.9107603915777792,0.7282125153751285
222,1,0,3.5,11,0.6893194540768603,0.6170811177053176
223,1,0,4.5,11,0.8078024608629727,1.2492690130020492
224,1,0,5.5,11,1.0431278773705055,1.8052967880354367
225,1,0,6.5,11,1.1814927753901847,1.885317608241051
226,1,0,7.5,11,1.3323742303383013,1.6907047205501131
227,1,0,8.5,11,1.501607289181074,1.3567270994843803
228,1,0,9.5,11,1.5220808478326768,1.5744661162533458
229,1,0,10.5,11,1.5242388935736595,1.911428038432048
230,1,0,11.5,11,1.6884981377597494,1.593305373492167
231,1,1,1.5,11,0.5065088969307593,1.2254652961963366
232,1,1,2.5,11,0.5078076896813565,1.24038585792642
233,1,1,3.5,11,0.5731922380938866,1.1108733278552825
234,1,1,4.5,11,0.7887777408584935,1.3648155861499398
235,1,1,5.5,11,1.040625185808007,1.396205011093728
236,1,1,6.5,11,1.286786184487244,1.6853057868205583
237,1,1,7.5,11,1.5404880871334703,1.951787863663811
238,1,1,8.5,11,1.6313311216614816,2.272422729610647
239,1,1,9.5,11,1.60039482841463,2.70351721594731
240,1,1,10.5,11,1.6223774365545598,2.73874113259726
241,1,1,11.5,11,1.5296890015322555,1.3577019491628424
242,1,0,1.5,12,0.7635607497487514,1.192117142258212
243,1,0,2.5,12,0.5595406202878023,1.359729430002302
244,1,0,3.5,12,0.240260650179905,1.7418324998275718
245,1,0,4.5,12,0.2678517163812018,2.1567583371040437
246,1,0,5.5,12,0.3068312037948459,2.667780591119634
247,1,0,6.5,12,0.344080806952661,3.194756332935625
248,1,0,7.5,12,0.5431691703625744,3.431676557645051
249,1,0,8.5,12,0.5228225027801583,3.376557009477241
250,1,0,9.5,12,0.5125251234623188,3.3843311105628278
251,1,0,10.5,12,0.2119254295740247,3.565697265596225
252,1,0,11.5,12,0.2729386241583461,4.085082979084135
253,1,1,1.5,12,0.7096028272203831,0.4986552205823716
254,1,1,2.5,12,0.0735634798132145,0.903362099343055
255,1,1,3.5,12,0.0004882904736477,1.4348112172173226
256,1,1,4.5,12,0.0621126836108557,1.834770471752969
257,1,1,5.5,12,0.2195242492691082,2.083878110476902
258,1,1,6.5,12,0.5537890800734067,2.846831376535179
259,1,1,7.5,12,0.5952150154817449,3.901151142013607
260,1,1,8.5,12,0.4243872653843487,3.806478273123503
261,1,1,9.5,12,0.2885222353775837,3.5765578661316124
262,1,1,10.5,12,1.20991047692592,3.228923758272739
263,1,1,11.5,12,0.3777009259443817,2.473234908088394
264,2,0,1.5,1,0.5230650093320539,0.6602224457052956
265,2,0,2.5,1,0.8087476190760046,1.2038260485683934
266,2,0,3.5,1,0.6269150921524967,1.3284393737642028
267,2,0,4.5,1,0.7872464640937512,1.7892137732917228
268,2,0,5.5,1,0.8683493073091281,2.5807551979049435
269,2,0,6.5,1,1.401409543918375,3.3184725658313647
270,2,0,7.5,1,1.4113173381413506,3.078984315136829
271,2,0,8.5,1,1.925415685852014,3.3476017673363847
272,2,0,9.5,1,2.7301764235359545,3.0401911057838023
273,2,0,10.5,1,2.5774984759091497,2.7456344295595145
274,2,0,11.5,1,3.489583203266585,1.8771945248607176
275,2,1,1.5,1,0.527332357892221,0.5562211111067764
276,2,1,2.5,1,0.4239395179465094,1.6796441210572384
277,2,1,3.5,1,0.3952162947908327,2.141412226959716
278,2,1,4.5,1,0.6801132690920435,2.483256793022156
279,2,1,5.5,1,1.3537564265673938,3.130457185208797
280,2,1,6.5,1,1.9437522658010773,3.0728102320874178
281,2,1,7.5,1,1.908313770944489,2.389527921702551
282,2,1,8.5,1,1.4375761615927125,1.685184142059263
283,2,1,9.5,1,1.8938622191821064,1.5143120490635436
284,2,1,10.5,1,1.9371564803977237,1.6152021873580371
285,2,1,11.5,1,3.3696806185314863,1.6583977507427334
286,2,0,1.5,2,0.6576420695359222,1.6879576485265384
287,2,0,2.5,2,0.9226936379955988,1.89319642384847
288,2,0,3.5,2,1.1895025352407278,2.70842150747776
289,2,0,4.5,2,1.5122071663199723,3.860924945054231
290,2,0,5.5,2,2.4771168637679013,4.221609412170038
291,2,0,6.5,2,3.232717518677624,4.008424204938552
292,2,0,7.5,2,3.227491462789404,4.118165271622794
293,2,0,8.5,2,3.085351723429582,4.384455058309767
294,2,0,9.5,2,3.2977735840755584,3.863772812651263
295,2,0,10.5,2,4.2264332517767125,2.8486161336980085
296,2,0,11.5,2,5.160850239451078,2.697278526157905
297,2,1,1.5,2,0.8993128215102453,2.47438232681968
298,2,1,2.5,2,1.5415903888703482,2.548802169693841
299,2,1,3.5,2,1.0950069168009442,2.7187097701558307
300,2,1,4.5,2,1.3724993774401697,3.2463765398661297
301,2,1,5.5,2,1.9344825989952168,3.779188598228606
302,2,1,6.5,2,2.7769820814606136,4.366698391735554
303,2,1,7.5,2,3.824593941432444,4.651656661714826
304,2,1,8.5,2,5.884259857866883,4.732212366201939
305,2,1,9.5,2,6.547711965652835,3.8935302615557847
306,2,1,10.5,2,17.46021890490848,3.4493997913918326
307,2,1,11.5,2,24.264277275335928,2.6237963346971407
308,2,0,1.5,3,0.4474904376411035,1.649002509914777
309,2,0,2.5,3,0.3868231326389503,1.9198397626037056
310,2,0,3.5,3,0.574579275572265,1.8631889959411507
311,2,0,4.5,3,0.4006218350439864,2.4575966014206863
312,2,0,5.5,3,0.4322249780932056,2.899840143371801
313,2,0,6.5,3,0.6132674591288739,2.667307780917026
314,2,0,7.5,3,0.6186284798765312,2.652654546088186
315,2,0,8.5,3,31.999999999999723,2.3561427878106342
316,2,0,9.5,3,1.5344563287195665,1.7254985330752957
317,2,0,10.5,3,2.2951905288986065,1.3847909678695025
318,2,0,11.5,3,4.79908078669554,1.1078604345911005
319,2,1,1.5,3,1.1859415124614094,1.328590876440586
320,2,1,2.5,3,0.7613282497836085,1.749897768764984
321,2,1,3.5,3,0.8128069115461577,2.728095382452011
322,2,1,4.5,3,0.5291977556391095,2.945507689561258
323,2,1,5.5,3,1.20590137298731,2.8323122969185803
324,2,1,6.5,3,1.420350771084972,2.924261537117836
325,2,1,7.5,3,2.698160293448651,1.93873275520531
326,2,1,8.5,3,2.047843579264899,1.1403787855803966
327,2,1,9.5,3,2.333936181037109,1.218082863316741
328,2,1,10.5,3,2.4866839285027877,1.2221697460000331
329,2,1,11.5,3,3.103822335223253,1.6619571525542465
330,2,0,1.5,4,0.4401972805241308,0.2989118879168541
331,2,0,2.5,4,0.6929016594196568,1.134577049131699
332,2,0,3.5,4,0.6800115564315666,1.470279224349197
333,2,0,4.5,4,1.1642677991456118,2.3052889646755323
334,2,0,5.5,4,1.2607505764011775,3.1870513829424625
335,2,0,6.5,4,1.4260458671177405,3.1649059716814247
336,2,0,7.5,4,1.6751276303976714,3.6415048217385766
337,2,0,8.5,4,2.005726524116379,4.320208982841389
338,2,0,9.5,4,2.6846607307531345,4.660835551888975
339,2,0,10.5,4,3.2613338357756274,4.221266018019782
340,2,0,11.5,4,4.05492243358346,3.88468655463188
341,2,1,1.5,4,0.428284123631041,0.5398981600863437
342,2,1,2.5,4,0.5293642145811427,1.2553998814567775
343,2,1,3.5,4,0.7055851264337373,3.0974505235954206
344,2,1,4.5,4,0.9267610557493262,2.1104175590333485
345,2,1,5.5,4,1.1316377394558632,1.8702613528214356
346,2,1,6.5,4,1.281521255801253,2.18332990361195
347,2,1,7.5,4,1.4685834084698155,2.1255446751328075
348,2,1,8.5,4,1.701708649335222,2.648622160967516
349,2,1,9.5,4,1.8715584032493915,3.829274738905952
350,2,1,10.5,4,0.3195688540707785,4.4488719253413445
351,2,1,11.5,4,0.015788204965458,4.606501293403131
352,2,0,1.5,5,0.4916052608478849,0.5200425371961687
353,2,0,2.5,5,0.5799165298876278,0.7774934494069644
354,2,0,3.5,5,0.6436493703009041,1.6733235404321125
355,2,0,4.5,5,0.7897368474707955,1.836372202987154
356,2,0,5.5,5,1.1222269726965886,2.6715784755769683
357,2,0,6.5,5,1.2680066026048982,2.900231430630484
358,2,0,7.5,5,1.410363594015842,3.287169856361196
359,2,0,8.5,5,1.576382773323736,3.546979558376865
360,2,0,9.5,5,1.796565118375776,3.947800872636878
361,2,0,10.5,5,2.2404530104979474,3.615898631568309
362,2,0,11.5,5,2.271318711357614,3.202504702884218
363,2,1,1.5,5,0.4398961453254139,0.4190798479097861
364,2,1,2.5,5,0.5537100701814224,0.6766358828666259
365,2,1,3.5,5,0.7653418045593389,1.132697799194016
366,2,1,4.5,5,0.7294836188998097,2.368718422660532
367,2,1,5.5,5,0.5679517696220652,3.1884749781700874
368,2,1,6.5,5,0.790478658246842,3.7374502658843993
369,2,1,7.5,5,1.0412618668152924,3.5256397177775702
370,2,1,8.5,5,1.1197646172380316,4.00575300275463
371,2,1,9.5,5,1.7590872647708464,3.4904137269044533
372,2,1,10.5,5,2.6406192694219928,2.662061545526844
373,2,1,11.5,5,2.250021798605213,2.4144131150803987
374,2,0,1.5,6,0.5093732008981214,0.5983772519872992
375,2,0,2.5,6,0.8055715013642993,0.6310936318684931
376,2,0,3.5,6,0.7778931921233077,0.9193644482613534
377,2,0,4.5,6,0.8599854885999049,0.7368899724729683
378,2,0,5.5,6,1.508562526113891,0.9817089534769154
379,2,0,6.5,6,2.485262372170484,1.7465236847088716
380,2,0,7.5,6,2.3818000869665186,2.437202708274126
381,2,0,8.5,6,2.772048550159037,3.0301647967583425
382,2,0,9.5,6,3.3993985414906835,3.0360016106050227
383,2,0,10.5,6,4.285865786713319,2.8290982253096075
384,2,0,11.5,6,5.777800285679375,2.4003589149824407
385,2,1,1.5,6,0.6384289352776065,0.4415230226227647
386,2,1,2.5,6,1.5011746985438157,0.9256050079078464
387,2,1,3.5,6,1.0861000499788172,1.191655362645785
388,2,1,4.5,6,1.6985177591030474,1.4116158714408384
389,2,1,5.5,6,2.959488683687161,1.7419884172223865
390,2,1,6.5,6,2.409175401646805,2.2367276838765693
391,2,1,7.5,6,3.050499504294571,2.560694040287109
392,2,1,8.5,6,3.2078118388378707,3.0728523699442545
393,2,1,9.5,6,3.75071312327308,3.038237472123737
394,2,1,10.5,6,4.990910939738415,1.958418861279885
395,2,1,11.5,6,7.453190706704698,1.452540121183676
396,2,0,1.5,7,0.7327608916596497,1.5108911876495068
397,2,0,2.5,7,0.7562881143510627,1.809747239426961
398,2,0,3.5,7,0.820427278760456,2.378004065858057
399,2,0,4.5,7,0.8694104966518819,2.438756620531441
400,2,0,5.5,7,1.1028897289954374,2.5720432300282563
401,2,0,6.5,7,1.4530721741894204,3.0641287627158227
402,2,0,7.5,7,1.6532573185631685,3.3296136771533504
403,2,0,8.5,7,1.7719835784162037,3.338142837214673
404,2,0,9.5,7,2.0170327211398744,3.5611377192526747
405,2,0,10.5,7,2.409014010034607,3.64466988010171
406,2,0,11.5,7,2.4068736333251257,4.197595459141144
407,2,1,1.5,7,0.4749607133791494,0.8699882740953139
408,2,1,2.5,7,0.7312669028098163,1.4760189009230344
409,2,1,3.5,7,0.7455229255784682,1.9797804929068867
410,2,1,4.5,7,0.8776549117426306,2.990866186289952
411,2,1,5.5,7,1.077408887992214,3.430967260290075
412,2,1,6.5,7,1.1531672185339872,4.026395042403405
413,2,1,7.5,7,1.1570400794805624,3.908395570713085
414,2,1,8.5,7,3.461880218476674,2.932076102169622
415,2,1,9.5,7,1.5168789369599422,1.770930839737631
416,2,1,10.5,7,1.4588656281283567,1.602019994185781
417,2,1,11.5,7,1.660120271311197,1.7520853828380605
418,2,0,1.5,8,0.3285516307803163,2.0125293726933764
419,2,0,2.5,8,0.5710718205084853,2.5612216646135866
420,2,0,3.5,8,0.0500852586147561,2.3299000009814685
421,2,0,4.5,8,0.2567389080972905,2.223694632297907
422,2,0,5.5,8,0.8392294259984227,1.6415133780724294
423,2,0,6.5,8,0.7315412126668246,1.4167297460477462
424,2,0,7.5,8,0.0975142783843312,1.2921254068820014
425,2,0,8.5,8,2.6005248513313,1.3261367673796367
426,2,0,9.5,8,2.4495504487196373,1.5873178747868295
427,2,0,10.5,8,2.407177598227483,1.82894385792315
428,2,0,11.5,8,2.2225836012698195,2.194131460544225
429,2,1,1.5,8,0.4083958504406166,1.878945672744496
430,2,1,2.5,8,0.2608805648242543,2.036956954240007
431,2,1,3.5,8,0.4638860751577805,2.7273695620725737
432,2,1,4.5,8,0.3356979902410933,3.097458995257815
433,2,1,5.5,8,0.1390197038544566,3.698902341880296
434,2,1,6.5,8,0.212394594562996,3.4485912027437826
435,2,1,7.5,8,0.6574749385335895,3.1080876039019945
436,2,1,8.5,8,0.6386555740336608,1.745990414078496
437,2,1,9.5,8,0.00048828125,1.439480050964263
438,2,1,10.5,8,0.0009652516564832,1.773875727996988
439,2,1,11.5,8,1.19015005666184,2.356281938403845
440,2,0,1.5,9,31.999999999998188,1.6411115007673798
441,2,0,2.5,9,31.99999999999964,2.030442784134851
442,2,0,3.5,9,1.223643010159381,1.976511091050112
443,2,0,4.5,9,1.7786671500085125,2.365901411060364
444,2,0,5.5,9,1.7227810765752272,2.6243812341142343
445,2,0,6.5,9,2.270108657439454,2.937426477147822
446,2,0,7.5,9,2.7881472180434392,3.34387252932397
447,2,0,8.5,9,3.0316204916256737,3.871619027148011
448,2,0,9.5,9,3.0755626105063403,4.1792548108100895
449,2,0,10.5,9,2.3005560203598936,2.705644208788872
450,2,0,11.5,9,31.999999383648667,2.1332216310418315
451,2,1,1.5,9,1.136374646389304,1.5787210200320592
452,2,1,2.5,9,1.1285921657972402,2.028467251629126
453,2,1,3.5,9,0.8733572942221116,2.0603369392320783
454,2,1,4.5,9,0.8746167297675366,2.2326624580283663
455,2,1,5.5,9,1.0566611129356362,2.525945673386256
456,2,1,6.5,9,1.372582952662288,2.8660323229156623
457,2,1,7.5,9,1.772589311348105,3.1101747281276264
458,2,1,8.5,9,1.9027040248899807,3.3290473799996017
459,2,1,9.5,9,1.5403224298552771,3.3148129713204173
460,2,1,10.5,9,1.8821328094241765,3.140931967076133
461,2,1,11.5,9,1.8065633433125556,3.179511045489241
462,2,0,1.5,10,0.539806329895806,0.4840292569285347
463,2,0,2.5,10,0.8817378433978361,0.5478541215199121
464,2,0,3.5,10,1.0463465228563371,0.537290633097291
465,2,0,4.5,10,0.850908671132206,1.0027503849103534
466,2,0,5.5,10,1.2288530890580516,1.220574649712427
467,2,0,6.5,10,1.495938125198069,1.4457772792070762
468,2,0,7.5,10,1.3766466007082825,1.946905203163624
469,2,0,8.5,10,1.6155501735673707,2.5758552460126505
470,2,0,9.5,10,2.016895265827097,3.1841712839463177
471,2,0,10.5,10,2.2105806816941547,3.338161530119649
472,2,0,11.5,10,2.350228549948926,3.8721936162155455
473,2,1,1.5,10,0.5102757491939821,0.2952280639297853
474,2,1,2.5,10,0.4857973891363946,0.5362425894122715
475,2,1,3.5,10,0.3431704910798213,1.1191148631678427
476,2,1,4.5,10,0.7078421199708156,1.990644047409296
477,2,1,5.5,10,0.6161755431317564,2.1642704123959824
478,2,1,6.5,10,0.854813727191449,2.5030928636419363
479,2,1,7.5,10,1.0266011993507984,2.510533115443061
480,2,1,8.5,10,1.2948291017993214,2.779177439623865
481,2,1,9.5,10,1.3315636103594437,3.662478851775328
482,2,1,10.5,10,1.765152803719097,3.732741968606108
483,2,1,11.5,10,1.7526659180338344,3.4048311968262377
484,2,0,1.5,11,1.1943658679214957,0.5877564320514771
485,2,0,2.5,11,1.1619180946348828,1.1429861744376908
486,2,0,3.5,11,1.2998545442181897,1.0876237550948529
487,2,0,4.5,11,1.8249138082015544,2.3873736685742446
488,2,0,5.5,11,1.7219854711396978,2.4762283412378228
489,2,0,6.5,11,1.9747341259076827,2.9543596847968945
490,2,0,7.5,11,3.672987632785661,3.0844413741775183
491,2,0,8.5,11,5.548211130328054,3.027943929695353
492,2,0,9.5,11,4.615712119178275,2.696934317166989
493,2,0,10.5,11,5.620434566928847,2.5250886007266886
494,2,0,11.5,11,5.188591442984431,2.093205615038603
495,2,1,1.5,11,0.5566194217344674,1.586750744718366
496,2,1,2.5,11,1.0912329217552172,2.1038497496734965
497,2,1,3.5,11,1.45402291690774,1.64937804213592
498,2,1,4.5,11,2.355414298561992,1.7880601633182711
499,2,1,5.5,11,2.083460219793796,2.080311328325516
500,2,1,6.5,11,2.167624938607822,2.6926885129700247
501,2,1,7.5,11,2.7323962184491823,3.324683735420654
502,2,1,8.5,11,3.0462870399089668,3.6923478029586456
503,2,1,9.5,11,4.027579578841035,2.7844657985603107
504,2,1,10.5,11,4.265550593814744,1.5935208976268769
505,2,1,11.5,11,5.880971825281449,1.406544421758272
506,2,0,1.5,12,4.164462040965137,1.446007882510375
507,2,0,2.5,12,4.314931752917899,1.5788289942131697
508,2,0,3.5,12,0.0004882812500191,2.5323739811503816
509,2,0,4.5,12,0.8996727163295781,2.919746634594741
510,2,0,5.5,12,1.3263297650701384,3.164847279156464
511,2,0,6.5,12,2.631958234131824,3.734222335006119
512,2,0,7.5,12,5.086582232465023,2.558705654449579
513,2,0,8.5,12,3.9841300423065,2.774215206017961
514,2,0,9.5,12,6.668835639013854,3.018709947525616
515,2,0,10.5,12,0.0446014453422827,2.3842224424535576
516,2,0,11.5,12,0.4644704307161463,1.4179108976141404
517,2,1,1.5,12,1.3431527865248385,1.6628749252631396
518,2,1,2.5,12,31.999999999984787,2.182803989346348
519,2,1,3.5,12,27.194180758834328,2.0446051515209738
520,2,1,4.5,12,31.99998869531053,2.275292443294151
521,2,1,5.5,12,27.164699158154757,2.970630962539602
522,2,1,6.5,12,4.926389654615307,3.870215672513713
523,2,1,7.5,12,7.524806290675544,4.791918690775482
524,2,1,8.5,12,1.2901021281547853,5.302026952522389
525,2,1,9.5,12,0.0630973581459241,4.222910036586902
526,2,1,10.5,12,4.748977110908012,3.443917474576405
527,2,1,11.5,12,9.884403538336038,3.5053432299810297
528,3,0,1.5,1,0.2429510163303113,1.628170726262033
529,3,0,2.5,1,0.2775804344539218,1.987983532004304
530,3,0,3.5,1,0.3893273822618502,2.319656052402944
531,3,0,4.5,1,0.2032312852956572,2.714864445381424
532,3,0,5.5,1,0.0145269460956012,2.742923668452672
533,3,0,6.5,1,0.0101394423640786,3.314752607345581
534,3,0,7.5,1,0.0647487867497585,3.763926304711236
535,3,0,8.5,1,0.0271473024838264,4.513732445545686
536,3,0,9.5,1,0.6986546264555773,5.2673430919647215
537,3,0,10.5,1,2.7064669505863623,5.530487664043903
538,3,0,11.5,1,2.753222610314484,5.803165679507785
539,3,1,1.5,1,0.5706459923316622,1.3156023101692789
540,3,1,2.5,1,0.7974828022283817,2.4193849609701674
541,3,1,3.5,1,0.5608374498695332,2.5018123748167507
542,3,1,4.5,1,0.3196963642328159,2.802731326256675
543,3,1,5.5,1,0.5227520979988918,3.192108847878196
544,3,1,6.5,1,0.7752436362607295,4.082557459031382
545,3,1,7.5,1,0.200797562240279,4.651731062861322
546,3,1,8.5,1,0.0687552690379935,4.860246593990024
547,3,1,9.5,1,0.5244696129301931,4.970164272379368
548,3,1,10.5,1,0.0416954821061966,3.33571513979993
549,3,1,11.5,1,0.2011209820115984,4.472108614750398
550,3,0,1.5,2,0.7333945228287899,2.784848836955109
551,3,0,2.5,2,0.8591598467151756,2.57906110985921
552,3,0,3.5,2,1.197006821267501,3.07384132245265
553,3,0,4.5,2,4.632465574319578,3.5085850659902995
554,3,0,5.5,2,1.978900267995592,3.796062761423539
555,3,0,6.5,2,3.67691189021025,4.150328168162593
556,3,0,7.5,2,10.987254591725833,4.831768232233384
557,3,0,8.5,2,31.9999999999999,5.614238469224227
558,3,0,9.5,2,31.999999999999204,5.357426643371582
559,3,0,10.5,2,31.99999999986788,6.124762263791315
560,3,0,11.5,2,31.999999992844344,5.895933274299868
561,3,1,1.5,2,4.0780261868667775,3.711778277700597
562,3,1,2.5,2,1.989258851886513,3.787484661621206
563,3,1,3.5,2,0.8433589181741308,3.7938600604732833
564,3,1,4.5,2,3.600954509509998,4.224580950515215
565,3,1,5.5,2,1.0567787184018542,4.720135048323987
566,3,1,6.5,2,2.3710479651295717,4.885804035833904
567,3,1,7.5,2,17.2939441083429,5.254848045110703
568,3,1,8.5,2,31.999999999999996,5.737628907868356
569,3,1,9.5,2,31.99999999995609,5.710148005258469
570,3,1,10.5,2,31.99999999995167,5.647407993193595
571,3,1,11.5,2,12.155877598233625,4.509007684886456
572,3,0,1.5,3,0.0008215535939422,2.519100033904452
573,3,0,2.5,3,0.2242935119463415,3.1146907256748864
574,3,0,3.5,3,0.3690052249925237,3.3852635697117
575,3,0,4.5,3,0.1233626271984956,3.689121415740565
576,3,0,5.5,3,0.0019732713306917,4.890734311377648
577,3,0,6.5,3,0.001295339978009,4.840558077159681
578,3,0,7.5,3,0.0791617077806435,4.502927429535809
579,3,0,8.5,3,0.186596256886556,2.8824646659195423
580,3,0,9.5,3,31.999999999716124,1.783147373709126
581,3,0,10.5,3,0.6010173819254042,1.477706309545923
582,3,0,11.5,3,0.0579119919824324,1.2445726110821678
583,3,1,1.5,3,1.452032894036752,2.2615357897069197
584,3,1,2.5,3,0.7190326504699636,1.8925595936192647
585,3,1,3.5,3,0.735143465307891,2.4131808860586323
586,3,1,4.5,3,0.0561021779918886,2.8583238991824063
587,3,1,5.5,3,0.140105521537852,3.1541028853618736
588,3,1,6.5,3,0.0252586131778191,4.235418765050061
589,3,1,7.5,3,0.187918206205053,3.327047448965811
590,3,1,8.5,3,0.0088802253140754,2.152717707630916
591,3,1,9.5,3,0.0105642114686927,2.320760557545891
592,3,1,10.5,3,0.0042669230379884,2.6503032652231364
593,3,1,11.5,3,0.0027319968156069,3.1475574351523234
594,3,0,1.5,4,0.4288477287944157,0.3668208439286353
595,3,0,2.5,4,0.0230200564713068,0.9629154359983608
596,3,0,3.5,4,0.324224315272634,1.7090162007046528
597,3,0,4.5,4,0.3843188870295578,2.156617718999104
598,3,0,5.5,4,1.072405967839381,2.46256139343732
599,3,0,6.5,4,1.758341950738575,2.537358899008144
600,3,0,7.5,4,10.733941149533962,3.2107723291431154
601,3,0,8.5,4,1.309310710387727,4.500150730443555
602,3,0,9.5,4,1.2717242654499532,5.052386913299561
603,3,0,10.5,4,3.722670563205716,4.105457205038804
604,3,0,11.5,4,5.665601867209876,4.121717141520593
605,3,1,1.5,4,0.5588025689990999,0.9537085601817008
606,3,1,2.5,4,0.1428106561651123,0.8905742461603832
607,3,1,3.5,4,0.4914402499685558,0.8158849754147024
608,3,1,4.5,4,0.4817521809048311,1.60794228799944
609,3,1,5.5,4,0.5448303231023516,2.5382578132533227
610,3,1,6.5,4,0.5607784669735774,4.116351118311286
611,3,1,7.5,4,0.9415938739041952,3.876113213269056
612,3,1,8.5,4,0.1435169120992642,3.3271410083659343
613,3,1,9.5,4,0.0188851254202971,3.038680386514618
614,3,1,10.5,4,0.00048828125,5.579551218284501
615,3,1,11.5,4,0.0174471949890174,5.950196508633888
616,3,0,1.5,5,0.5358919020461212,1.2779124702417082
617,3,0,2.5,5,0.3787074658694175,1.2450171177158291
618,3,0,3.5,5,0.6031635210520797,2.073977608549393
619,3,0,4.5,5,1.4715071155903194,2.743255752850981
620,3,0,5.5,5,0.3973721061252931,3.3887686470904983
621,3,0,6.5,5,0.4988736653316352,3.8108408956816704
622,3,0,7.5,5,0.394155355394042,4.255160322060457
623,3,0,8.5,5,0.8603256398296549,4.414061732211356
624,3,0,9.5,5,1.2944551494328786,4.81761472121529
625,3,0,10.5,5,1.1656355485637242,4.796894261711522
626,3,0,11.5,5,1.0824254425120947,4.614130057137588
627,3,1,1.5,5,0.4843091229666191,0.8871116540805185
628,3,1,2.5,5,0.5412356385493201,1.2012226947818894
629,3,1,3.5,5,0.6751074832703687,1.75420480966568
630,3,1,4.5,5,0.2206918517429731,2.004104952727045
631,3,1,5.5,5,0.6150843030165171,3.140627808868885
632,3,1,6.5,5,0.2645585931577862,3.8197950537388143
633,3,1,7.5,5,0.0425750957569154,4.299798241683415
634,3,1,8.5,5,0.0520649842065819,4.361189828978644
635,3,1,9.5,5,0.1175298264600534,4.326836887995402
636,3,1,10.5,5,0.1585896127246642,3.481350603699684
637,3,1,11.5,5,0.3535113957560076,2.893919772115247
638,3,0,1.5,6,0.4849293000120752,0.7093711335567517
639,3,0,2.5,6,0.814229832637208,0.4412405677670427
640,3,0,3.5,6,0.8285258279691575,0.6683665228337639
641,3,0,4.5,6,1.018585107158155,1.1332421011055809
642,3,0,5.5,6,2.079356491493656,1.93537274679216
643,3,0,6.5,6,1.689644287524797,2.226371354056061
644,3,0,7.5,6,1.4888578040816625,2.3439304801359984
645,3,0,8.5,6,1.4396922387311526,2.299792554568161
646,3,0,9.5,6,1.8729896485467563,2.8207709481639247
647,3,0,10.5,6,2.1839003246380977,3.1965649781688565
648,3,0,11.5,6,2.452515157070841,3.2746166724425096
649,3,1,1.5,6,0.6465678339454135,0.6775135841092159
650,3,1,2.5,6,0.4903451049619834,0.6135660432246288
651,3,1,3.5,6,1.1352780250629615,1.5072240679037003
652,3,1,4.5,6,1.0781554939905833,2.7489352511965537
653,3,1,5.5,6,1.4547042255007574,3.230050426263076
654,3,1,6.5,6,1.855745815004711,3.16357774917896
655,3,1,7.5,6,3.479118290462812,2.874051862529346
656,3,1,8.5,6,4.8184094223927145,3.360609040540808
657,3,1,9.5,6,5.931086257758873,3.8557228446006775
658,3,1,10.5,6,4.668775252430954,4.226266275752675
659,3,1,11.5,6,5.2114846666038295,3.902600084863058
660,3,0,1.5,7,0.5883491726655,2.331721068444577
661,3,0,2.5,7,0.6608322321122994,2.6573602409772974
662,3,0,3.5,7,0.6381398165508431,2.822702895413648
663,3,0,4.5,7,0.4635309669566247,3.307945290890833
664,3,0,5.5,7,0.5040086695812168,3.959581642820124
665,3,0,6.5,7,0.665159128578446,4.524497011433477
666,3,0,7.5,7,0.7167867237222371,5.096379437097689
667,3,0,8.5,7,0.714428777844127,5.773923091399364
668,3,0,9.5,7,1.3924868218966446,6.364696684337797
669,3,0,10.5,7,1.3434964534824,6.137381476324958
670,3,0,11.5,7,0.9766457303304344,5.850645884489402
671,3,1,1.5,7,0.5232848760559714,1.7611856427816417
672,3,1,2.5,7,0.7854919357388885,2.4290477113118247
673,3,1,3.5,7,0.7367994759103395,3.118293607151592
674,3,1,4.5,7,0.5156671097295105,3.755521465355242
675,3,1,5.5,7,0.5338637744520408,4.41122299346371
676,3,1,6.5,7,1.2755019122333255,4.753142416477203
677,3,1,7.5,7,1.5788492605642064,4.768915762666796
678,3,1,8.5,7,1.717776176576168,4.011234407693568
679,3,1,9.5,7,11.199864722367282,2.898808091878891
680,3,1,10.5,7,0.3318747106980019,1.8068463834933937
681,3,1,11.5,7,0.014832338939711,1.7148648031733251
682,3,0,1.5,8,0.2888670469539866,2.8752339987407827
683,3,0,2.5,8,0.3137827822154808,2.710875147487968
684,3,0,3.5,8,0.4109533790816605,2.953681523128161
685,3,0,4.5,8,0.2553547497635172,2.276287915778684
686,3,0,5.5,8,0.320099432883309,2.921922711862458
687,3,0,6.5,8,0.0016354888103476,3.954460958355949
688,3,0,7.5,8,0.3615840008564092,1.9431157685326836
689,3,0,8.5,8,0.5957348334415491,1.7468705512072942
690,3,0,9.5,8,0.7648714341865268,1.7306480329145084
691,3,0,10.5,8,0.1386471847600251,1.3451528899992506
692,3,0,11.5,8,0.5475278581687513,1.706855417953597
693,3,1,1.5,8,0.4659477069536815,3.1699570260660828
694,3,1,2.5,8,0.2454376752485172,2.3799184141541594
695,3,1,3.5,8,0.0004882812500009,3.660548700903454
696,3,1,4.5,8,0.0004882812501511,5.013578881388125
697,3,1,5.5,8,0.0015756074885238,5.378517594704261
698,3,1,6.5,8,0.00048828125,4.379278689100032
699,3,1,7.5,8,0.0004882812500004,2.9275163944731366
700,3,1,8.5,8,0.0005334855821201,2.271393386026224
701,3,1,9.5,8,6.054506929943019,2.345707968429283
702,3,1,10.5,8,0.1080170038661919,2.8015566482036203
703,3,1,11.5,8,0.0004882812740056,3.0561379593737583
704,3,0,1.5,9,0.4549541688665764,2.571305414776744
705,3,0,2.5,9,0.0060718677792964,2.517786907244332
706,3,0,3.5,9,0.5201079933711096,2.8602658689662976
707,3,0,4.5,9,0.0004882812500003,3.801267423071303
708,3,0,5.5,9,0.7505361085709847,3.665173084182399
709,3,0,6.5,9,0.7760699443449858,3.7897978396834553
710,3,0,7.5,9,1.4929163107730654,3.4809404827397445
711,3,0,8.5,9,2.2405094200645634,3.404606891795993
712,3,0,9.5,9,3.308242900433077,3.987949647686698
713,3,0,10.5,9,4.648414514214445,3.917256372315543
714,3,0,11.5,9,3.8355343546046,3.2404829317873176
715,3,1,1.5,9,0.0598353477613618,2.452963540546573
716,3,1,2.5,9,0.1359630492019579,2.910676296046704
717,3,1,3.5,9,0.0043184378511752,3.164168484875413
718,3,1,4.5,9,0.0014390380723846,3.155474349072105
719,3,1,5.5,9,0.0056230654098866,2.299529047599479
720,3,1,6.5,9,0.2940068368762287,2.4189075265700617
721,3,1,7.5,9,0.5841932874888736,2.021283653520402
722,3,1,8.5,9,0.2029916756225206,1.665838971481485
723,3,1,9.5,9,0.5319899354195464,1.9331092469394209
724,3,1,10.5,9,0.7720980500353076,2.16337987691164
725,3,1,11.5,9,0.4490288099314078,2.584834246915214
726,3,0,1.5,10,0.5259531590005506,1.4736452578195458
727,3,0,2.5,10,0.6409852816979732,1.028117013661037
728,3,0,3.5,10,0.3965990767897718,1.3751227143869933
729,3,0,4.5,10,0.0004882812500018,2.152734565886722
730,3,0,5.5,10,0.0009509164707991,2.970290181947791
731,3,0,6.5,10,0.0007560511130984,3.686795327398512
732,3,0,7.5,10,0.0067013661497661,3.5505815179724443
733,3,0,8.5,10,0.7320604047016042,4.0769844462231895
734,3,0,9.5,10,1.3603968022584905,4.450879787787413
735,3,0,10.5,10,2.236843433664484,4.248220438957215
736,3,0,11.5,10,2.775400264561183,3.905460278193156
737,3,1,1.5,10,0.4532829684148367,1.287792534828186
738,3,1,2.5,10,0.5370162258263367,1.582630215854994
739,3,1,3.5,10,0.1466546902425475,1.8234465536863909
740,3,1,4.5,10,0.0517597286357114,2.435082907958697
741,3,1,5.5,10,0.3666842748213212,2.9937838941517443
742,3,1,6.5,10,0.0432068070181872,3.663169239608335
743,3,1,7.5,10,0.163542020247554,4.473571925223628
744,3,1,8.5,10,2.6536228316652486,5.029257501874652
745,3,1,9.5,10,6.531540025800957,4.991614869878262
746,3,1,10.5,10,4.052724963103755,5.226164270849789
747,3,1,11.5,10,6.267800663469911,5.493524291298606
748,3,0,1.5,11,0.6975471409188764,1.0226743920218375
749,3,0,2.5,11,0.659391533369666,1.2206938136032772
750,3,0,3.5,11,1.1271258091740906,1.5879149637235108
751,3,0,4.5,11,1.609738510297594,1.8719610222454728
752,3,0,5.5,11,2.56457766611327,2.224396015157794
753,3,0,6.5,11,13.079098837110504,2.75120865316952
754,3,0,7.5,11,31.9999999998002,3.115968813615687
755,3,0,8.5,11,3.528892356672954,3.1387423501498457
756,3,0,9.5,11,3.264965416272444,3.046536484543158
757,3,0,10.5,11,3.722280615534885,2.6044767931813286
758,3,0,11.5,11,5.262276560111117,2.533988352492452
759,3,1,1.5,11,0.9008242470182768,1.820576312942336
760,3,1,2.5,11,7.669425540728415,2.403012466430664
761,3,1,3.5,11,9.642497875699982,2.417470174470568
762,3,1,4.5,11,3.030894462951183,2.522557214745935
763,3,1,5.5,11,31.9999999999889,2.870618799398112
764,3,1,6.5,11,2.0619770314882966,3.139845628848021
765,3,1,7.5,11,2.38978530915986,3.615190730538479
766,3,1,8.5,11,4.938110974132832,3.95878062813969
767,3,1,9.5,11,4.220580553398478,4.050131946802139
768,3,1,10.5,11,4.89061038811744,3.803519079318413
769,3,1,11.5,11,5.737307728401267,3.4732873933068635
770,3,0,1.5,12,20.791995211204387,2.8286632950278534
771,3,0,2.5,12,0.4312683090440579,2.58397267804696
772,3,0,3.5,12,1.240467365895939,2.833588448391385
773,3,0,4.5,12,0.0020843945256021,4.317241145276475
774,3,0,5.5,12,0.0081376352889678,4.937498853176455
775,3,0,6.5,12,0.0257335403090975,4.83135085966852
776,3,0,7.5,12,31.999999999997293,6.081675887107849
777,3,0,8.5,12,1.3223091115953751,7.25541026417802
778,3,0,9.5,12,0.977546152540502,6.906614952046295
779,3,0,10.5,12,1.1045967182323146,6.927088093426493
780,3,0,11.5,12,0.5550629677599405,6.059936127728886
781,3,1,1.5,12,6.02170805376607,1.9188084896457824
782,3,1,2.5,12,23.24609544276383,2.418166638409943
783,3,1,3.5,12,23.14721845854444,2.507586395980528
784,3,1,4.5,12,27.0865616461429,3.222933757812419
785,3,1,5.5,12,31.999999999999996,3.5891987250401423
786,3,1,6.5,12,31.999999999783512,3.933130333973811
787,3,1,7.5,12,11.958617187625045,4.173884001271478
788,3,1,8.5,12,31.999999999993072,4.32346316746303
789,3,1,9.5,12,31.999999999995943,4.935555435890375
790,3,1,10.5,12,31.999999999999996,4.8007893001332
791,3,1,11.5,12,31.9999999999985,4.8802790388147885
792,4,0,1.5,1,0.0457411954238949,6.878682026496301
793,4,0,2.5,1,0.0086156293167056,8.016906004060399
794,4,0,3.5,1,0.0004882812501244,8.184191973313041
795,4,0,4.5,1,0.00048828125,6.656229238510132
796,4,0,5.5,1,0.0101123559108769,6.001563873291016
797,4,0,6.5,1,0.0518503189516997,6.175332350390298
798,4,0,7.5,1,0.091120517749857,5.412046579214243
799,4,0,8.5,1,0.0015125763028045,6.159160677591959
800,4,0,9.5,1,0.0022592513571227,6.146887493133545
801,4,0,10.5,1,0.1452969978637054,6.666533529758453
802,4,0,11.5,1,0.1106177322340501,6.662788814968533
803,4,1,1.5,1,0.1747509068108491,5.74407289172179
804,4,1,2.5,1,0.3070548310734144,6.876973113923703
805,4,1,3.5,1,0.4673647834738857,7.076215974158711
806,4,1,4.5,1,0.4356745167920698,7.9929326869346
807,4,1,5.5,1,0.2988071144329542,7.239348911103749
808,4,1,6.5,1,0.1973102548538887,8.059283299879594
809,4,1,7.5,1,0.0089211107675176,8.648845130747015
810,4,1,8.5,1,12.851857107766811,8.346908430258432
811,4,1,9.5,1,8.081718964696293,9.289024949073792
812,4,1,10.5,1,2.073471225124938,9.396084841559915
813,4,1,11.5,1,0.0155359006080047,9.476599043065852
814,4,0,1.5,2,0.3931268505703936,3.5420635801846863
815,4,0,2.5,2,0.0078112843809062,5.345235070963016
816,4,0,3.5,2,0.0023127016358056,6.738190001911587
817,4,0,4.5,2,0.000488281429992,7.123290475209554
818,4,0,5.5,2,0.00048828125,6.7666135515485495
819,4,0,6.5,2,0.0005477855027689,7.071720049931453
820,4,0,7.5,2,0.0050103449629981,7.651101311047872
821,4,0,8.5,2,0.0553604116620285,8.23965072631836
822,4,0,9.5,2,0.0540318635345657,7.224132061004639
823,4,0,10.5,2,0.0045414895322019,9.858543078104654
824,4,0,11.5,2,7.902200995399056,9.628971767425536
825,4,1,1.5,2,0.4283219818929187,3.8823214707275233
826,4,1,2.5,2,0.0022986514910448,4.834339435998496
827,4,1,3.5,2,0.0711903383347275,4.078508563475175
828,4,1,4.5,2,0.1927834417597769,4.179356929732532
829,4,1,5.5,2,0.0036369329191031,4.534276526314872
830,4,1,6.5,2,0.0004882812500805,4.84052852962328
831,4,1,7.5,2,0.0012967774546953,5.0697571516036986
832,4,1,8.5,2,0.0076878044117888,5.215090560913086
833,4,1,9.5,2,0.0613062438371917,5.164222002029419
834,4,1,10.5,2,0.0332494920833826,5.342262268066406
835,4,1,11.5,2,0.0345192707573153,5.3157800568474665
836,4,0,1.5,3,1.072395085832386,5.176759360414563
837,4,0,2.5,3,0.0061860084842141,7.182726730619158
838,4,0,3.5,3,0.0103154950534309,8.035292972217906
839,4,0,4.5,3,1.4480497445974774,8.360404346300209
840,4,0,5.5,3,4.358531003724121,8.88216978708903
841,4,0,6.5,3,3.252563553724859,8.358584920565287
842,4,0,7.5,3,4.978982259485132,8.49306583404541
843,4,0,8.5,3,13.9301031330966,8.859837114810944
844,4,0,9.5,3,7.226092935628864,8.964487632115683
845,4,0,10.5,3,10.167359402780956,8.004513502120972
846,4,0,11.5,3,15.021382943808836,8.768983840942383
847,4,1,1.5,3,31.99999999988647,3.0549542854229608
848,4,1,2.5,3,2.19052400207555,2.9265570028408154
849,4,1,3.5,3,3.2452176750095605,3.6659742309933616
850,4,1,4.5,3,0.268683490481659,4.718588146670111
851,4,1,5.5,3,0.0592596208876506,4.856583576202393
852,4,1,6.5,3,0.087048877009612,5.225588154792786
853,4,1,7.5,3,0.0976241996686223,5.745793404786483
854,4,1,8.5,3,0.4480349962783426,6.350326674325125
855,4,1,9.5,3,1.8979088020074424,6.543230207342851
856,4,1,10.5,3,7.024838359865756,7.125198432377407
857,4,1,11.5,3,31.999999996802785,7.231361755957971
858,4,0,1.5,4,0.5241185682517859,3.977248275279999
859,4,0,2.5,4,0.4286639921012147,5.0406513292834445
860,4,0,3.5,4,1.0987971165312436,5.886703400998502
861,4,0,4.5,4,2.8947260627382003,6.048886201598427
862,4,0,5.5,4,1.925672091931196,6.569160408443874
863,4,0,6.5,4,0.7024019162097294,6.449286029452369
864,4,0,7.5,4,0.6955289618138712,5.948463439941406
865,4,0,8.5,4,0.000488281250084,7.43895149230957
866,4,0,9.5,4,0.0013880610965806,4.843202908833821
867,4,0,10.5,4,0.0004882812500003,6.183516704119169
868,4,0,11.5,4,0.0015852118253246,5.052482329882109
869,4,1,1.5,4,0.4126390987408507,2.364050742779069
870,4,1,2.5,4,0.7108892868813103,3.135120325966885
871,4,1,3.5,4,0.0045730271324738,3.730546484122405
872,4,1,4.5,4,0.0214525824615598,3.979722971717517
873,4,1,5.5,4,0.0007371697999349,4.395333111286163
874,4,1,6.5,4,0.0004882812500014,4.862858423819909
875,4,1,7.5,4,0.0004882812500014,5.216624505179269
876,4,1,8.5,4,0.00048828125,5.9722305380779765
877,4,1,9.5,4,0.0004882812500223,5.96920552620521
878,4,1,10.5,4,0.0004882812500156,6.20306656910823
879,4,1,11.5,4,0.000488281250013,6.506909203529358
880,4,0,1.5,5,0.2213446819114891,1.4719759145779396
881,4,0,2.5,5,0.3941663790943067,2.8493811174018964
882,4,0,3.5,5,0.3950661774159782,3.158189930915833
883,4,0,4.5,5,0.1216490121171866,3.7625619814946094
884,4,0,5.5,5,0.0056049757133151,4.133226811885834
885,4,0,6.5,5,0.0023904904855692,4.654195858882024
886,4,0,7.5,5,0.0100277103514098,5.169751114315456
887,4,0,8.5,5,0.0008420761063047,5.181551814079285
888,4,0,9.5,5,0.0197568289395324,5.523224898747036
889,4,0,10.5,5,0.0169620281314973,5.641080300013225
890,4,0,11.5,5,0.9953666411722056,5.77200190226237
891,4,1,1.5,5,0.6250895572181494,1.6252023895499124
892,4,1,2.5,5,0.5647401011531601,1.9956621109882249
893,4,1,3.5,5,1.3193441453308326,1.4798908419907093
894,4,1,4.5,5,0.6960894954538392,1.587656176586946
895,4,1,5.5,5,1.5953824891832946,2.174677149738584
896,4,1,6.5,5,0.7173751426616771,3.5750604550043743
897,4,1,7.5,5,0.0412981897281363,3.7129002759854
898,4,1,8.5,5,0.00048828125,4.136743134922451
899,4,1,9.5,5,0.0053911799410381,4.443360462784767
900,4,1,10.5,5,0.0199856555890131,4.571872067451477
901,4,1,11.5,5,0.0600368539847558,5.211607800589667
902,4,0,1.5,6,31.999999999954,2.2384597278410387
903,4,0,2.5,6,0.647721341300122,2.6589441426319653
904,4,0,3.5,6,1.0045858596512098,2.319566073682573
905,4,0,4.5,6,1.4452699763282195,2.562319375373222
906,4,0,5.5,6,1.4766517723965482,2.6436993294748765
907,4,0,6.5,6,0.827405726133463,3.1465389728546143
908,4,0,7.5,6,0.0665088782133039,3.6700071692466736
909,4,0,8.5,6,0.2032708624792615,3.691513359546661
910,4,0,9.5,6,1.183407995130299,3.967915892601013
911,4,0,10.5,6,1.930345137724362,4.108782026502821
912,4,0,11.5,6,0.0109489169108697,3.771952629089356
913,4,1,1.5,6,0.7481186342072552,2.6548833315090468
914,4,1,2.5,6,1.0289072712420937,4.041591749278777
915,4,1,3.5,6,0.4615931355328958,3.385592033988551
916,4,1,4.5,6,0.6187879216160412,3.867232125146048
917,4,1,5.5,6,0.9577928940661098,3.451722187655313
918,4,1,6.5,6,1.742449540662563,3.529587255583869
919,4,1,7.5,6,5.340067817184772,3.603944227099418
920,4,1,8.5,6,5.083435245839201,3.7434421330690384
921,4,1,9.5,6,2.558023241265832,3.70511402686437
922,4,1,10.5,6,4.224741843198531,3.875989007949829
923,4,1,11.5,6,5.245010496111749,4.0863697699138095
924,4,0,1.5,7,0.1464674273464847,7.500312450553189
925,4,0,2.5,7,0.2073572406849158,6.3495390077432
926,4,0,3.5,7,0.2292326764735687,6.464424702429002
927,4,0,4.5,7,0.001149941551316,7.317824588102453
928,4,0,5.5,7,0.0337471935981869,8.011742796216692
929,4,0,6.5,7,0.0012013225456784,7.818359228280874
930,4,0,7.5,7,0.0008069155871689,8.675541704351252
931,4,0,8.5,7,0.0012226054096878,9.544249439239502
932,4,0,9.5,7,0.0037032453234447,9.37599754333496
933,4,0,10.5,7,0.0038314729848567,9.217073321342468
934,4,0,11.5,7,0.0014301929798369,9.975464344024658
935,4,1,1.5,7,0.339292229794538,4.39349790913624
936,4,1,2.5,7,0.3172827042161371,4.549914159272847
937,4,1,3.5,7,0.2062485032604222,5.697418931991823
938,4,1,4.5,7,0.0004882812500016,6.1255102297839
939,4,1,5.5,7,0.0005474531954304,6.383862200905295
940,4,1,6.5,7,0.0013625287311317,6.888371825218201
941,4,1,7.5,7,0.0136061326601763,7.2424386522986675
942,4,1,8.5,7,0.0147755364546615,6.329241163590375
943,4,1,9.5,7,0.0041551937510343,6.754781246185303
944,4,1,10.5,7,0.0046128161174378,6.889427954150785
945,4,1,11.5,7,0.0017883380477213,6.933832749076512
946,4,0,1.5,8,0.2350272602748404,5.015929207435021
947,4,0,2.5,8,0.067604718653532,4.690999983108207
948,4,0,3.5,8,0.0036392625395547,4.675703851381938
949,4,0,4.5,8,0.0579636789001881,4.614879906177521
950,4,0,5.5,8,0.0185361384571436,5.226177087196937
951,4,0,6.5,8,0.0004882812500006,4.236173086696201
952,4,0,7.5,8,0.000488281250033,3.8075894467970905
953,4,0,8.5,8,0.0004882812500002,4.000787827703688
954,4,0,9.5,8,0.000488281250005,4.436708874172634
955,4,0,10.5,8,0.000488281250174,4.910905173846653
956,4,0,11.5,8,0.00048828125,4.416031152009964
957,4,1,1.5,8,3.462652582916074,4.772715476538631
958,4,1,2.5,8,0.4426488088712449,5.413718758065716
959,4,1,3.5,8,0.0009260013952116,6.571008212712346
960,4,1,4.5,8,0.0004882812500008,6.311986346175705
961,4,1,5.5,8,0.00048828125,6.56241792287582
962,4,1,6.5,8,0.0004882812500048,6.891039353829843
963,4,1,7.5,8,0.00048828125,6.669261806151447
964,4,1,8.5,8,0.0038825966844463,6.151404547691345
965,4,1,9.5,8,0.0036587476679715,5.769046576126762
966,4,1,10.5,8,0.0068896671022609,5.571613956900204
967,4,1,11.5,8,0.0040005536582546,5.656297715504964
968,4,0,1.5,9,0.008531584095532,5.728792787320686
969,4,0,2.5,9,0.0004882812500029,4.792755345351823
970,4,0,3.5,9,0.00048828125,5.252153251852308
971,4,0,4.5,9,0.00048828125,4.627842616061775
972,4,0,5.5,9,0.0004882812500053,4.522956040170458
973,4,0,6.5,9,0.0004882812500168,5.564462699890137
974,4,0,7.5,9,0.2121999167793245,4.414527130126953
975,4,0,8.5,9,0.0149465901935,4.18893671577627
976,4,0,9.5,9,0.0409299576627504,4.368995526257684
977,4,0,10.5,9,0.0018342022139894,3.613323849439621
978,4,0,11.5,9,0.0028041839675066,4.641370844841004
979,4,1,1.5,9,0.0005573227950759,5.522345860158244
980,4,1,2.5,9,0.048932394480431,7.979237624156622
981,4,1,3.5,9,0.0009574993494384,8.269925478966005
982,4,1,4.5,9,0.00048828125,8.580687880516052
983,4,1,5.5,9,0.00048828125,9.05546181018536
984,4,1,6.5,9,0.0004882812500352,7.400057836012407
985,4,1,7.5,9,0.0004882812500077,8.052798390388489
986,4,1,8.5,9,0.0004882812506568,6.586303806304931
987,4,1,9.5,9,0.00048828125,7.131170484754774
988,4,1,10.5,9,0.00048828125,6.638037014007568
989,4,1,11.5,9,0.00048828125,6.440804028511048
990,4,0,1.5,10,0.4397704260645888,2.961498536067466
991,4,0,2.5,10,0.0748658038034778,4.1222589209273055
992,4,0,3.5,10,0.0142617516905238,3.7612361864610153
993,4,0,4.5,10,0.0008470530801411,4.2811912665000325
994,4,0,5.5,10,0.0140192586731257,4.084883835580614
995,4,0,6.5,10,0.0104535376123926,4.712192663779626
996,4,0,7.5,10,0.0027482631479869,4.274817327658336
997,4,0,8.5,10,0.0022349916608334,4.590996401650565
998,4,0,9.5,10,0.0812547065557003,4.580944204330445
999,4,0,10.5,10,0.1106428093096269,4.641748081554066
1000,4,0,11.5,10,0.0507993623827835,4.41851544380188
1001,4,1,1.5,10,0.425465160811145,3.093269729415576
1002,4,1,2.5,10,0.6674899350443627,3.941662356771272
1003,4,1,3.5,10,0.3406745654151548,4.356866242134408
1004,4,1,4.5,10,0.0114639246099727,4.428597546392871
1005,4,1,5.5,10,0.221899385705435,4.88283192316691
1006,4,1,6.5,10,0.2915132804000141,4.786078499423133
1007,4,1,7.5,10,0.3297439153976393,4.91186553498973
1008,4,1,8.5,10,0.0352859408415042,5.079783616242586
1009,4,1,9.5,10,0.5307530435501433,4.907327075799306
1010,4,1,10.5,10,1.1474182690559498,5.117382049560547
1011,4,1,11.5,10,1.4770603842124874,5.55001375079155
1012,4,0,1.5,11,0.6347178686293582,5.055883225988834
1013,4,0,2.5,11,0.0142983775514055,5.716002238535248
1014,4,0,3.5,11,1.0416198678985584,4.412392939054049
1015,4,0,4.5,11,2.031706011669009,3.680062050404756
1016,4,0,5.5,11,31.99999999999913,4.267225018569401
1017,4,0,6.5,11,1.3377329572282182,3.388703630084083
1018,4,0,7.5,11,0.3213740809822017,3.792616147994995
1019,4,0,8.5,11,31.99999999994832,2.7947251945734024
1020,4,0,9.5,11,31.999999981172508,3.602947413921356
1021,4,0,10.5,11,0.4280143672390252,3.623436897993088
1022,4,0,11.5,11,31.999999999999773,3.784682766596476
1023,4,1,1.5,11,0.7544688901293454,4.52597652012436
1024,4,1,2.5,11,31.9999999999769,5.838959395885468
1025,4,1,3.5,11,0.5162269334780655,4.176400674592465
1026,4,1,4.5,11,0.0080257593654194,3.825797837878031
1027,4,1,5.5,11,0.1014523505780542,4.002961077292761
1028,4,1,6.5,11,0.4011534887047301,4.349473073202021
1029,4,1,7.5,11,9.559205766681275,4.072373074869955
1030,4,1,8.5,11,3.029544732927385,4.0844794467643455
1031,4,1,9.5,11,2.7934686413783525,4.140998322388222
1032,4,1,10.5,11,4.917855441234639,4.600478918321671
1033,4,1,11.5,11,3.6525446042976095,4.371319200681604
1034,4,0,1.5,12,0.2968033241228774,5.987715414592198
1035,4,0,2.5,12,0.1948439807366768,7.987985170112466
1036,4,0,3.5,12,0.0143496379336892,8.463744661543105
1037,4,0,4.5,12,0.0162850700729239,9.14901977969754
1038,4,0,5.5,12,0.122069254428843,9.776909033457438
1039,4,0,6.5,12,0.1851285652180443,9.565772446719082
1040,4,0,7.5,12,1.2640477321282444,9.38007615162776
1041,4,0,8.5,12,0.4436752468797958,8.690024423599244
1042,4,0,9.5,12,0.1349394715258272,7.973954030445644
1043,4,0,10.5,12,0.5446070915408106,9.20564308166504
1044,4,0,11.5,12,0.5741174618896804,6.793197989463806
1045,4,1,1.5,12,0.3110326727627407,2.827033667187942
1046,4,1,2.5,12,0.461490741136343,3.899846208095551
1047,4,1,3.5,12,7.085211944042033,4.553166737632146
1048,4,1,4.5,12,21.806027317855463,5.167884036114342
1049,4,1,5.5,12,16.628696538025267,5.375536470186143
1050,4,1,6.5,12,1.4316701814805544,5.335824475568884
1051,4,1,7.5,12,0.0715500450882331,5.79380852835519
1052,4,1,8.5,12,0.6287401554366577,6.88222978733204
1053,4,1,9.5,12,5.204726696123137,6.80533164077335
1054,4,1,10.5,12,0.9934720971407104,7.458799176745945
1055,4,1,11.5,12,2.9055377597360885,6.763964265584946
1056,5,0,1.5,1,0.0830957533470085,8.302747060512674
1057,5,0,2.5,1,0.000606665337326,8.105493972176
1058,5,0,3.5,1,0.0008988116340845,7.644894850058634
1059,5,0,4.5,1,0.0035148646227239,7.987635812094045
1060,5,0,5.5,1,0.0302904191404136,7.923931029107836
1061,5,0,6.5,1,0.0136525036532589,8.55677945613861
1062,5,0,7.5,1,0.0032684484747224,8.812262058258057
1063,5,0,8.5,1,0.0031690554000915,8.957562647367778
1064,5,0,9.5,1,0.001193333218804,8.746576203240288
1065,5,0,10.5,1,0.0022628604511159,9.651259475284151
1066,5,0,11.5,1,0.00048828125,9.304253896077476
1067,5,1,1.5,1,31.99999999810948,6.706750100073607
1068,5,1,2.5,1,31.999999999998657,7.1601232650296
1069,5,1,3.5,1,0.6593997562388356,4.892610779830387
1070,5,1,4.5,1,0.0956318994403646,4.2274078075275865
1071,5,1,5.5,1,0.4079371481142836,4.495224099005422
1072,5,1,6.5,1,0.0180701817586403,4.800926089286804
1073,5,1,7.5,1,0.0357760923961023,4.814098877065322
1074,5,1,8.5,1,0.0071356923058747,5.478288257823271
1075,5,1,9.5,1,0.0022081919415309,5.426110199519566
1076,5,1,10.5,1,0.0060431213660061,5.438262871333531
1077,5,1,11.5,1,0.1569232705046463,5.237505078315735
1078,5,0,1.5,2,0.9333975398860624,4.859049017364915
1079,5,0,2.5,2,0.0257576865113326,5.8650719039460535
1080,5,0,3.5,2,0.60760094240168,5.830870972123257
1081,5,0,4.5,2,2.0901580672480886,5.730598411252422
1082,5,0,5.5,2,0.6387035091131141,5.955258910472576
1083,5,0,6.5,2,0.1446487114587364,5.285691613500768
1084,5,0,7.5,2,0.3050106422900831,5.606587961316109
1085,5,0,8.5,2,0.0993273821000434,5.659701132774353
1086,5,0,9.5,2,31.99999999962442,5.804343199729919
1087,5,0,10.5,2,0.0506759148625942,3.25613484531641
1088,5,0,11.5,2,0.4052930507785142,6.629070048034191
1089,5,1,1.5,2,4.939133470223807,4.047975484875665
1090,5,1,2.5,2,3.28734429151362,5.032419002973116
1091,5,1,3.5,2,2.09177118540342,4.750504184276499
1092,5,1,4.5,2,1.8500240818123783,4.669653236865997
1093,5,1,5.5,2,2.410917574596912,4.761020589757849
1094,5,1,6.5,2,0.4815898254861352,4.987895011901856
1095,5,1,7.5,2,0.3983353155700749,5.095386425654094
1096,5,1,8.5,2,0.6317258941785885,5.049053955078125
1097,5,1,9.5,2,0.5836350800000916,5.219228161705865
1098,5,1,10.5,2,0.7726163360266184,5.205748319625855
1099,5,1,11.5,2,4.038730631071704,5.515206813812256
1100,5,0,1.5,3,4.786660071696552,9.119442013807076
1101,5,0,2.5,3,27.184077399802824,9.732408583164217
1102,5,0,3.5,3,31.99999999999997,9.318867076526988
1103,5,0,4.5,3,31.999999999999996,9.749038815498352
1104,5,0,5.5,3,0.1953350184312222,10.398977455339931
1105,5,0,6.5,3,0.0371092972339443,9.909760348002116
1106,5,0,7.5,3,0.0103529864738536,10.009429693222046
1107,5,0,8.5,3,0.1528366708885579,9.170511960983276
1108,5,0,9.5,3,0.0515406765756562,9.793703556060793
1109,5,0,10.5,3,0.1469232628433654,9.993044593117451
1110,5,0,11.5,3,0.0275414691338755,9.932519504002162
1111,5,1,1.5,3,31.99999999990129,5.133069588292029
1112,5,1,2.5,3,31.99999999973226,5.327466748528561
1113,5,1,3.5,3,0.0767174786669614,5.9310661315917965
1114,5,1,4.5,3,2.087507481486223,5.872875853588707
1115,5,1,5.5,3,0.2205274134739429,6.277370847504715
1116,5,1,6.5,3,0.1999634506338255,7.183368861675263
1117,5,1,7.5,3,0.0540120308008891,5.923734051840646
1118,5,1,8.5,3,0.0627587475684788,6.3969432657415215
1119,5,1,9.5,3,0.0597425879120883,6.35439887046814
1120,5,1,10.5,3,0.0069862734721623,5.915980945933949
1121,5,1,11.5,3,0.0123355123018484,7.445453584194183
1122,5,0,1.5,4,0.086137025017649,5.729285112598486
1123,5,0,2.5,4,0.9085094238252092,6.62750283241272
1124,5,0,3.5,4,0.9695457157804492,7.493886288729581
1125,5,0,4.5,4,1.990450611940068,8.089183712005616
1126,5,0,5.5,4,31.999999999999908,8.90431926727295
1127,5,0,6.5,4,31.99999999856057,8.808813396253084
1128,5,0,7.5,4,31.999999999641357,8.979716195000542
1129,5,0,8.5,4,31.999999999990685,9.40192339155409
1130,5,0,9.5,4,31.9999999997418,10.734016948276096
1131,5,0,10.5,4,31.99999999999996,10.257178370157876
1132,5,0,11.5,4,31.99999999319845,10.704430198669431
1133,5,1,1.5,4,13.585168041059308,7.777589653579282
1134,5,1,2.5,4,5.38176544132278,4.899909145103957
1135,5,1,3.5,4,2.462947884781428,4.536780645320942
1136,5,1,4.5,4,31.999999999999996,4.485942183708658
1137,5,1,5.5,4,28.451494790884094,4.598684015481369
1138,5,1,6.5,4,31.99999999999595,5.261429889996847
1139,5,1,7.5,4,31.999999999997684,6.4129536681705055
1140,5,1,8.5,4,31.99999999999988,7.751293857892354
1141,5,1,9.5,4,23.114017385518213,8.12098741531372
1142,5,1,10.5,4,4.477896429897304,7.530072342265736
1143,5,1,11.5,4,4.628031506266384,8.87178087234497
1144,5,0,1.5,5,31.999999999991573,2.1069715996583303
1145,5,0,2.5,5,0.1555621808806936,2.7543058679583146
1146,5,0,3.5,5,0.0118236279500163,2.9416936689868884
1147,5,0,4.5,5,0.0208845948342863,3.391336845915492
1148,5,0,5.5,5,0.0087808716531161,3.848437894880772
1149,5,0,6.5,5,0.0017720692165909,3.8434182436842663
1150,5,0,7.5,5,0.0033902304935527,4.095451045943343
1151,5,0,8.5,5,0.0014430840080763,3.993040348092715
1152,5,0,9.5,5,0.001085495287701,5.503935933113098
1153,5,0,10.5,5,0.0075790165470695,5.1458288087294655
1154,5,0,11.5,5,0.0017466080108593,4.443807225335728
1155,5,1,1.5,5,31.99999999993077,1.3433415157734043
1156,5,1,2.5,5,31.99999999963357,1.632209023399069
1157,5,1,3.5,5,6.051125635273181,1.9934099484235048
1158,5,1,4.5,5,0.5929220095343625,2.2302951132473736
1159,5,1,5.5,5,0.0697612527138172,2.4461839698976084
1160,5,1,6.5,5,0.0013336462941666,3.3533457721534528
1161,5,1,7.5,5,0.0018360011883619,4.052459606757531
1162,5,1,8.5,5,0.0010642289290082,4.672022206442697
1163,5,1,9.5,5,0.0004882815927868,4.589008041790554
1164,5,1,10.5,5,0.0005774106862251,4.890689015388489
1165,5,1,11.5,5,0.0212584884583969,5.242107486724853
1166,5,0,1.5,6,1.3760177425409248,4.217700977034929
1167,5,0,2.5,6,1.4097905146888503,4.502661156099896
1168,5,0,3.5,6,0.516451860591278,4.648897328619229
1169,5,0,4.5,6,0.6213436277477018,5.240353026632535
1170,5,0,5.5,6,0.7134861808286594,5.092449149420095
1171,5,0,6.5,6,1.504149854434188,5.308615510528152
1172,5,0,7.5,6,4.103806096759541,5.368040619225337
1173,5,0,8.5,6,22.22981290714062,5.042225526726765
1174,5,0,9.5,6,3.0111593922122077,5.148863455828498
1175,5,0,10.5,6,2.071988564674217,4.726343444415501
1176,5,0,11.5,6,0.247236614703519,5.655961871147156
1177,5,1,1.5,6,1.024222498462631,2.5609791266549493
1178,5,1,2.5,6,3.8950113273584472,4.002229777666239
1179,5,1,3.5,6,0.7765563033895355,4.223489191473984
1180,5,1,4.5,6,1.4620496827916067,4.621024497011875
1181,5,1,5.5,6,1.517836247380315,4.336547374725342
1182,5,1,6.5,6,0.6776644087488672,3.986739403671689
1183,5,1,7.5,6,0.7406476209975701,4.129075452685356
1184,5,1,8.5,6,1.9727189707858093,4.231666840039766
1185,5,1,9.5,6,1.4855764155018307,4.224150288105011
1186,5,1,10.5,6,3.5760827346062234,3.9110452124947
1187,5,1,11.5,6,1.7357542726749629,3.944419667124748
1188,5,0,1.5,7,0.0406147033732375,5.886676410833995
1189,5,0,2.5,7,0.0117565986120155,6.038528050048442
1190,5,0,3.5,7,0.0671230101660482,7.5929029113367985
1191,5,0,4.5,7,0.0082322793323678,7.987970450345208
1192,5,0,5.5,7,0.0065399859202331,9.735664118891178
1193,5,0,6.5,7,0.2096164249688181,9.92091407775879
1194,5,0,7.5,7,0.0044932715907865,8.904096868303087
1195,5,0,8.5,7,0.0398380625316189,11.273263740539551
1196,5,0,9.5,7,0.482332570303235,8.8339017087763
1197,5,0,10.5,7,0.1564414244951343,9.495487349373954
1198,5,0,11.5,7,0.4767231046373038,10.04602082570394
1199,5,1,1.5,7,2.733272939592354,10.255484162844144
1200,5,1,2.5,7,1.4368191220481432,6.695148673749739
1201,5,1,3.5,7,0.220400321729816,6.548274910196345
1202,5,1,4.5,7,2.686954314216707,6.445862543015253
1203,5,1,5.5,7,1.346449105987267,6.242241491874059
1204,5,1,6.5,7,0.4853779963031159,6.664182949066162
1205,5,1,7.5,7,0.0319876684941123,6.042801070213318
1206,5,1,8.5,7,0.0102797210071766,5.5657731056213375
1207,5,1,9.5,7,0.0191198061793971,6.027921915054321
1208,5,1,10.5,7,0.0124679755024122,5.601348652559168
1209,5,1,11.5,7,0.0172999936783636,5.596716364224752
1210,5,0,1.5,8,1.6639709246460428,3.773036945660909
1211,5,0,2.5,8,0.8629700044248269,4.116593613021675
1212,5,0,3.5,8,3.977984556047041,4.649428580488477
1213,5,0,4.5,8,0.0278737081237194,4.867275882650305
1214,5,0,5.5,8,0.0023729689241122,5.612184638977051
1215,5,0,6.5,8,0.001553178598651,5.770732359452681
1216,5,0,7.5,8,0.00048828125,6.644504070281982
1217,5,0,8.5,8,0.00048828125,6.512684186299642
1218,5,0,9.5,8,0.0004882812500055,5.976909841809954
1219,5,0,10.5,8,0.00048828125,7.203016837437947
1220,5,0,11.5,8,0.00048828125,7.343799114227295
1221,5,1,1.5,8,0.3509141151346976,5.858663115619628
1222,5,1,2.5,8,0.0027000209660035,5.852074665772287
1223,5,1,3.5,8,0.0035230951281886,4.806911154491146
1224,5,1,4.5,8,0.0138868575430347,4.7035127916643695
1225,5,1,5.5,8,0.004679368020465,5.196416956186295
1226,5,1,6.5,8,0.1170222060977942,5.66716316613284
1227,5,1,7.5,8,0.0031101970798888,5.676580150922139
1228,5,1,8.5,8,0.2892873684654699,6.086553607668195
1229,5,1,9.5,8,0.0089544983593242,6.317930400371552
1230,5,1,10.5,8,0.0007668744124357,6.56562598546346
1231,5,1,11.5,8,0.000884227557098,7.426376819610596
1232,5,0,1.5,9,0.0005596947408153,9.469535550292658
1233,5,0,2.5,9,0.0008059016171613,10.05625100082226
1234,5,0,3.5,9,0.000488281250043,10.855641149339222
1235,5,0,4.5,9,0.000488281250011,10.794032430648803
1236,5,0,5.5,9,0.00048828125,8.882314992987592
1237,5,0,6.5,9,0.2163152322981063,7.975620049696702
1238,5,0,7.5,9,0.0004882812500606,8.077842539548874
1239,5,0,8.5,9,0.00048828125,8.168783343755281
1240,5,0,9.5,9,0.0004882812500006,6.702630334430271
1241,5,0,10.5,9,0.0004882812500485,7.058452285826206
1242,5,0,11.5,9,0.0004882812500003,7.489864549289147
1243,5,1,1.5,9,0.0006070946756612,10.237795865357812
1244,5,1,2.5,9,0.0067544689739094,10.28246317786732
1245,5,1,3.5,9,0.0042386902803917,10.252330484061403
1246,5,1,4.5,9,0.0008149202913915,10.2859668996599
1247,5,1,5.5,9,0.0224917057579572,10.497709342411586
1248,5,1,6.5,9,0.0007155742299353,10.96723453203837
1249,5,1,7.5,9,0.2690664626310588,10.760554599761964
1250,5,1,8.5,9,0.5260528847982818,11.34749960899353
1251,5,1,9.5,9,0.0004882812500133,11.24890112876892
1252,5,1,10.5,9,0.0372253864818139,11.334933662414551
1253,5,1,11.5,9,0.0004882812572043,11.250530772738989
1254,5,0,1.5,10,0.8193023001684525,3.92126484818695
1255,5,0,2.5,10,0.1321984679438299,5.246015780905019
1256,5,0,3.5,10,0.5583957813421841,6.205510389237177
1257,5,0,4.5,10,0.5808980659372972,6.910514715946082
1258,5,0,5.5,10,0.3776702508846891,6.364884596604568
1259,5,0,6.5,10,0.3757988800031916,6.627878997636878
1260,5,0,7.5,10,0.1833496589147311,6.707788348197937
1261,5,0,8.5,10,0.2188221481221264,6.852770830455579
1262,5,0,9.5,10,0.3737100621180955,7.335196563175747
1263,5,0,10.5,10,0.0124060635952128,6.750702571868897
1264,5,0,11.5,10,0.0804588301970703,7.245663129366362
1265,5,1,1.5,10,0.5065840226713075,4.753395911185972
1266,5,1,2.5,10,0.8191374507128778,6.048903299147083
1267,5,1,3.5,10,0.9094190296622582,5.738985463192589
1268,5,1,4.5,10,0.9185520051978896,5.570399994752845
1269,5,1,5.5,10,0.9514880686041978,5.63156033851005
1270,5,1,6.5,10,0.3472873191569387,5.947679243589702
1271,5,1,7.5,10,0.0327987090305804,6.123389720916748
1272,5,1,8.5,10,0.0097445546680672,6.385405404227121
1273,5,1,9.5,10,0.0035796894675015,6.725408818986681
1274,5,1,10.5,10,0.0018839321138055,6.203126380318089
1275,5,1,11.5,10,0.0006315002185459,6.677363812923431
1276,5,0,1.5,11,0.4315520650902992,5.151256307760875
1277,5,0,2.5,11,0.6743566905104657,5.246013827764305
1278,5,0,3.5,11,0.9127161209815062,3.7896971473919936
1279,5,0,4.5,11,1.660191640418345,3.475490775523764
1280,5,0,5.5,11,2.9330693318633783,3.907474202769144
1281,5,0,6.5,11,3.581615632019873,3.718701422214508
1282,5,0,7.5,11,7.347114816837712,4.22720752264324
1283,5,0,8.5,11,31.99999999997263,4.2637215455373125
1284,5,0,9.5,11,8.150213684175474,4.073578981792226
1285,5,0,10.5,11,31.999999999980687,3.8674394726753234
1286,5,0,11.5,11,31.99999999939976,4.5216147899627686
1287,5,1,1.5,11,1.5419485544090763,5.887454703514711
1288,5,1,2.5,11,31.999999937218192,6.357747012488196
1289,5,1,3.5,11,31.9999999999999,3.384917049794584
1290,5,1,4.5,11,2.8161770017578887,3.098867035829104
1291,5,1,5.5,11,31.999999999988237,3.430435155668566
1292,5,1,6.5,11,4.236521227127464,2.686948881580912
1293,5,1,7.5,11,17.478379230853882,3.400864741519878
1294,5,1,8.5,11,1.9697641026885355,2.663766457637151
1295,5,1,9.5,11,2.960823490204525,3.7248116756478944
1296,5,1,10.5,11,7.168793719257749,4.969341482107456
1297,5,1,11.5,11,14.830375595973486,4.745658198637622
1298,5,0,1.5,12,0.0444265183178947,4.919825417618466
1299,5,0,2.5,12,0.00048828125,6.6607554117729375
1300,5,0,3.5,12,0.0004882812500418,7.35207267065306
1301,5,0,4.5,12,0.0004882812518826,7.581948241672
1302,5,0,5.5,12,0.0004882812500007,7.385406183508726
1303,5,0,6.5,12,0.0004882812503453,6.780019314850078
1304,5,0,7.5,12,0.00048828125,7.927451917758355
1305,5,0,8.5,12,0.0004882812500067,7.248876452445984
1306,5,0,9.5,12,0.0004882812500065,9.610977086153897
1307,5,0,10.5,12,0.0210852665802271,7.002207309007645
1308,5,0,11.5,12,0.5646999472069159,8.137453198432922
1309,5,1,1.5,12,2.542395126498996,6.165193939820314
1310,5,1,2.5,12,0.009153418003978,6.869922853285266
1311,5,1,3.5,12,0.0004882812500001,8.476419672369957
1312,5,1,4.5,12,0.0022447127197227,9.40585988607162
1313,5,1,5.5,12,0.007788056734947,8.576934899602618
1314,5,1,6.5,12,0.0296777676439774,8.998768936504018
1315,5,1,7.5,12,0.2411940792511241,8.998508840799332
1316,5,1,8.5,12,0.2941254011789621,9.038914101464409
1317,5,1,9.5,12,1.232621601911536,7.683973380497524
1318,5,1,10.5,12,1.4484473669599536,9.68727167447408
1319,5,1,11.5,12,0.2074963266406425,8.027453831263951
1320,6,0,1.5,1,10.100438107832495,4.68643386924968
1321,6,0,2.5,1,0.0023908101906767,3.68501997490724
1322,6,0,3.5,1,0.0004882916283265,5.8711524738205805
1323,6,0,4.5,1,0.0192392297803261,9.337004141374068
1324,6,0,5.5,1,1.6583012585514016,9.328018760681152
1325,6,0,6.5,1,1.9286387416581583,9.104386549729568
1326,6,0,7.5,1,2.167162270425133,8.739137129350143
1327,6,0,8.5,1,1.0613019937800736,8.92358144124349
1328,6,0,9.5,1,1.3084940088834471,9.440273475646972
1329,6,0,10.5,1,15.509670928953913,8.984562941959926
1330,6,0,11.5,1,1.0113958262551983,8.221595764160156
1331,6,1,1.5,1,0.5635680351875283,5.131966190953409
1332,6,1,2.5,1,0.6628069378246823,6.445922157981179
1333,6,1,3.5,1,0.2762220757260082,5.935666812093634
1334,6,1,4.5,1,0.6021877818169162,6.162971900059627
1335,6,1,5.5,1,2.5447371556554472,7.152494625611738
1336,6,1,6.5,1,3.7950829166917073,8.24543301264445
1337,6,1,7.5,1,4.7385253623158015,9.536071479320526
1338,6,1,8.5,1,0.3204376470971544,10.111464262008669
1339,6,1,9.5,1,0.0317119129003344,10.193469683329264
1340,6,1,10.5,1,0.0004882812500118,10.857905546824137
1341,6,1,11.5,1,0.00048828125,10.164318128065627
1342,6,0,1.5,2,31.999999999999996,4.510744604799482
1343,6,0,2.5,2,31.999999999914685,4.6624361038208
1344,6,0,3.5,2,31.99999999999844,4.608470678329468
1345,6,0,4.5,2,31.999999999999964,4.699592749277751
1346,6,0,5.5,2,31.999999999991267,4.438324371973674
1347,6,0,6.5,2,31.999999999993666,3.629701554775238
1348,6,0,7.5,2,10.720016388930636,3.586297512054444
1349,6,0,8.5,2,5.422896362283479,3.3251203894615173
1350,6,0,9.5,2,0.2262608986407248,2.2188299000263214
1351,6,0,10.5,2,0.3650372461967638,2.7196229298909507
1352,6,0,11.5,2,0.0004882812502409,3.0205257733662925
1353,6,1,1.5,2,31.99999945329869,3.089443112514457
1354,6,1,2.5,2,1.2329386966547644,3.781127868814672
1355,6,1,3.5,2,0.0444614757403152,4.332602338357405
1356,6,1,4.5,2,12.068339340382828,4.884426443200362
1357,6,1,5.5,2,0.0041685668437287,5.775216674804687
1358,6,1,6.5,2,0.0004882812500475,6.404687881469727
1359,6,1,7.5,2,0.00048828125,6.556158455935392
1360,6,1,8.5,2,0.0065840949088139,6.764032006263733
1361,6,1,9.5,2,0.0004882812500424,6.885275840759277
1362,6,1,10.5,2,0.0216262547186775,6.949587171727961
1363,6,1,11.5,2,3.1283748279022774,6.351747393608093
1364,6,0,1.5,3,0.781113942221502,5.95003571594134
1365,6,0,2.5,3,0.0004882812500097,6.028495277677264
1366,6,0,3.5,3,0.0004882812500276,8.838117382743143
1367,6,0,4.5,3,0.7801847379700324,10.372740586598717
1368,6,0,5.5,3,1.4727364061328332,10.008620534624372
1369,6,0,6.5,3,1.416443399517539,10.135590155919392
1370,6,0,7.5,3,0.498205843445532,10.325535853703816
1371,6,0,8.5,3,0.1385061792194004,11.224758625030518
1372,6,0,9.5,3,0.1695520306920457,10.412659962972006
1373,6,0,10.5,3,0.8439202232229205,11.422112941741943
1374,6,0,11.5,3,31.999999999999964,11.367572784423828
1375,6,1,1.5,3,0.0666514586773957,8.830797442368098
1376,6,1,2.5,3,31.99999997149904,8.4843013381958
1377,6,1,3.5,3,12.637334998697906,7.3440165519714355
1378,6,1,4.5,3,28.37283363077871,7.525064298084804
1379,6,1,5.5,3,31.999999999995858,7.980402742113386
1380,6,1,6.5,3,31.999999999999996,8.300371265411377
1381,6,1,7.5,3,31.999999999998906,8.523849890782284
1382,6,1,8.5,3,31.99999999999924,8.422932147979736
1383,6,1,9.5,3,11.61633252429372,8.636565148830414
1384,6,1,10.5,3,5.8454592101482055,8.761167109012604
1385,6,1,11.5,3,1.1924756213051553,8.43235370847914
1386,6,0,1.5,4,0.6811002939985576,6.658012130681207
1387,6,0,2.5,4,1.3552138416906934,7.678878217935562
1388,6,0,3.5,4,1.0731876604013475,8.855188505990165
1389,6,0,4.5,4,0.0319742309019124,9.341955934252058
1390,6,0,5.5,4,0.0004882812500442,9.147983346666608
1391,6,0,6.5,4,0.0004882812500703,9.757978439331056
1392,6,0,7.5,4,0.0110605689022166,9.3423113822937
1393,6,0,8.5,4,0.1522119545987136,9.388964080810547
1394,6,0,9.5,4,0.053313218510173,10.157199144363403
1395,6,0,10.5,4,0.2234157089111926,9.714001178741457
1396,6,0,11.5,4,31.999999998892758,10.090711037317911
1397,6,1,1.5,4,0.0505546717552158,9.02369001001682
1398,6,1,2.5,4,6.214763571671304,4.6872587603117735
1399,6,1,3.5,4,0.1814822756392628,4.563669799881823
1400,6,1,4.5,4,0.0039439785256187,5.571287442530904
1401,6,1,5.5,4,0.007807500568466,6.944789528846741
1402,6,1,6.5,4,0.3859236618336316,7.5950443214840355
1403,6,1,7.5,4,12.638869333900027,8.726727306842804
1404,6,1,8.5,4,2.265372138487211,8.900209166786887
1405,6,1,9.5,4,2.911773535547795,7.480108737945557
1406,6,1,10.5,4,2.7056713797630847,7.59237676858902
1407,6,1,11.5,4,3.090012678420182,5.633257293701172
1408,6,0,1.5,5,0.0043876630628904,5.5903756069509605
1409,6,0,2.5,5,31.999999999999996,6.534268836821279
1410,6,0,3.5,5,31.999999999999943,7.93363147515517
1411,6,0,4.5,5,31.999999999999996,8.515600562095642
1412,6,0,5.5,5,2.8528979338635154,7.570237922668457
1413,6,0,6.5,5,8.327978274609109,5.9109446207682295
1414,6,0,7.5,5,0.0352788318233061,5.238321463267009
1415,6,0,8.5,5,0.1845680371731528,3.638767182826996
1416,6,0,9.5,5,0.3855227417360281,5.428625762462616
1417,6,0,10.5,5,21.693020843891592,3.868309179941813
1418,6,0,11.5,5,0.0054455936008216,3.191332006454468
1419,6,1,1.5,5,0.0004882812500007,1.2908662030330071
1420,6,1,2.5,5,0.0273655220656648,3.863357335329056
1421,6,1,3.5,5,0.0004882812500171,4.515160407338824
1422,6,1,4.5,5,13.214631006854557,4.586685180664063
1423,6,1,5.5,5,1.729074821533617,3.677360673745474
1424,6,1,6.5,5,0.0468460943616443,2.3935334026813506
1425,6,1,7.5,5,0.4468286090464514,2.634954220056534
1426,6,1,8.5,5,0.1075490378924749,2.816445935103628
1427,6,1,9.5,5,0.0025269318676125,3.0492444804736545
1428,6,1,10.5,5,0.317603958693045,4.026264220476151
1429,6,1,11.5,5,0.0580103409757264,3.918403784434001
1430,6,0,1.5,6,11.456863822383143,4.799429178237915
1431,6,0,2.5,6,31.99999999999963,4.806579803598338
1432,6,0,3.5,6,0.3636037281566581,5.802739882469178
1433,6,0,4.5,6,0.00048828125,7.0208641501034
1434,6,0,5.5,6,0.0769251391024447,7.015235814181241
1435,6,0,6.5,6,0.6648559407949,7.808510031018939
1436,6,0,7.5,6,0.4962158038856313,7.785472631454468
1437,6,0,8.5,6,0.75224369788207,8.33600123723348
1438,6,0,9.5,6,0.0004882812513062,8.001619148254395
1439,6,0,10.5,6,0.1363346628212284,9.309242057800294
1440,6,0,11.5,6,0.0013970213378244,9.192444324493408
1441,6,1,1.5,6,0.7914079061483573,4.209026505730369
1442,6,1,2.5,6,31.999999999999503,4.214377699227168
1443,6,1,3.5,6,0.001453667643218,4.891304527010236
1444,6,1,4.5,6,0.000488281250013,5.389725037983486
1445,6,1,5.5,6,0.00048828125,5.587923169136047
1446,6,1,6.5,6,0.00048828125,5.250828482887962
1447,6,1,7.5,6,0.000488281250008,5.057020314534506
1448,6,1,8.5,6,0.0004882812500002,5.097891139984131
1449,6,1,9.5,6,0.00048828125,5.110901236534119
1450,6,1,10.5,6,0.0004882812508088,5.140718619028728
1451,6,1,11.5,6,0.0011892364350246,5.667215347290039
1452,6,0,1.5,7,0.3483439577344109,7.163652596729143
1453,6,0,2.5,7,0.0120281320219905,2.754673034433396
1454,6,0,3.5,7,0.0176763038828363,3.214984454214573
1455,6,0,4.5,7,0.312653508031655,5.646376399323344
1456,6,0,5.5,7,1.4482734576797214,7.366408610343933
1457,6,0,6.5,7,0.7847969001600235,8.390648603439331
1458,6,0,7.5,7,1.0930663937717735,9.802138805389404
1459,6,0,8.5,7,1.0020187075643814,10.3114196062088
1460,6,0,9.5,7,1.247540166277183,10.511512075151716
1461,6,0,10.5,7,1.5816401960128708,11.40999984741211
1462,6,0,11.5,7,1.7422204606996678,10.583581447601318
1463,6,1,1.5,7,0.0142317818591768,10.706887769699096
1464,6,1,2.5,7,0.3248565198426632,5.31772558031411
1465,6,1,3.5,7,0.2584471011524491,4.828604186282439
1466,6,1,4.5,7,0.001347985647778,6.541849823934691
1467,6,1,5.5,7,0.0004882812500826,8.022368574142456
1468,6,1,6.5,7,0.0004882812500021,9.368681907653809
1469,6,1,7.5,7,0.00048828125,9.282581984996796
1470,6,1,8.5,7,0.0004882812500026,9.75290754863194
1471,6,1,9.5,7,0.0004882812500049,10.228121553148542
1472,6,1,10.5,7,0.00048828125,11.136986351013183
1473,6,1,11.5,7,0.0004882812502822,11.194818496704102
1474,6,0,1.5,8,0.915526220788631,4.87718463305271
1475,6,0,2.5,8,0.0127339183150912,4.250042425011689
1476,6,0,3.5,8,0.007730480130877,4.268815950913862
1477,6,0,4.5,8,0.0103650645195232,4.649132668972015
1478,6,0,5.5,8,0.0086601830104619,4.349984963734944
1479,6,0,6.5,8,0.0024670312305099,5.6289831638336185
1480,6,0,7.5,8,0.0164331555415822,4.038091468811035
1481,6,0,8.5,8,0.0286590263915566,3.679583390553793
1482,6,0,9.5,8,0.0267846993352043,3.4651190837224326
1483,6,0,10.5,8,0.1215878807801165,3.1229665875434875
1484,6,0,11.5,8,0.2401436459500038,2.597489595413208
1485,6,1,1.5,8,0.00048828125,3.764752094234739
1486,6,1,2.5,8,0.00048828125,5.042497616547805
1487,6,1,3.5,8,0.0007468317766795,6.090166105943568
1488,6,1,4.5,8,0.0006349431499586,4.862679481506348
1489,6,1,5.5,8,0.0004882812500212,4.3208326896031695
1490,6,1,6.5,8,0.0004882812500004,5.448697725931804
1491,6,1,7.5,8,0.0004882812500388,4.826362788677216
1492,6,1,8.5,8,0.0004882812500215,5.387353372573853
1493,6,1,9.5,8,0.0004882812500367,4.835545587539673
1494,6,1,10.5,8,0.000488281250335,6.298047733306885
1495,6,1,11.5,8,0.0004882812501018,5.732763290405273
1496,6,0,1.5,9,0.0131746990504248,10.582152630153455
1497,6,0,2.5,9,0.0004882812510375,9.46000065122332
1498,6,0,3.5,9,0.0180806588409186,9.848846578598025
1499,6,0,4.5,9,2.3123008504457125,8.972513164792742
1500,6,0,5.5,9,1.87333311698088,5.39784699305892
1501,6,0,6.5,9,0.0009493538279718,2.94830008653494
1502,6,0,7.5,9,0.0116084047380919,4.623077555344655
1503,6,0,8.5,9,0.0059663383723053,3.1118522605725696
1504,6,0,9.5,9,0.0180521020302996,3.0721317529678345
1505,6,0,10.5,9,1.7998565838682823,3.090087582667669
1506,6,0,11.5,9,2.6094177818134527,3.865516632795334
1507,6,1,1.5,9,0.0004882812500405,10.1749945970682
1508,6,1,2.5,9,0.0004882812500018,11.38109975390964
1509,6,1,3.5,9,0.0322573286293945,11.44031023979187
1510,6,1,4.5,9,0.0004882812500148,11.44394357999166
1511,6,1,5.5,9,0.00048828125,11.410161442226832
1512,6,1,6.5,9,0.0076934490347577,11.41006095592792
1513,6,1,7.5,9,0.1150483930005369,11.40999984741211
1514,6,1,8.5,9,0.0128810064253915,11.40999984741211
1515,6,1,9.5,9,0.0035958164476041,11.40999984741211
1516,6,1,10.5,9,0.0004882812500009,11.40999984741211
1517,6,1,11.5,9,0.0007790488612992,11.40999984741211
1518,6,0,1.5,10,0.0004882812500155,0.7793841023702879
1519,6,0,2.5,10,0.0024915530270887,7.255051436247649
1520,6,0,3.5,10,0.5752707884043432,11.188794994354248
1521,6,0,4.5,10,0.2237159640417436,11.369309107462565
1522,6,0,5.5,10,0.6017139167927085,11.394548257191977
1523,6,0,6.5,10,0.9979447642648712,11.421088695526125
1524,6,0,7.5,10,0.0004882812510264,10.795309829711917
1525,6,0,8.5,10,1.4516795324318348,11.371223131815592
1526,6,0,9.5,10,1.3909219773781918,11.419548670450846
1527,6,0,10.5,10,1.5277763546568115,11.497599601745604
1528,6,0,11.5,10,1.6890332833303734,11.32068681716919
1529,6,1,1.5,10,0.3449649725108383,4.525424110687386
1530,6,1,2.5,10,0.9274937562245928,5.40346490925756
1531,6,1,3.5,10,0.4259136669490503,6.052765032824348
1532,6,1,4.5,10,0.0035401511794706,7.784667134284973
1533,6,1,5.5,10,0.0177372543022173,10.384567165374756
1534,6,1,6.5,10,1.5725073026957592,11.208526802062988
1535,6,1,7.5,10,2.1271688966347337,10.634244680404665
1536,6,1,8.5,10,5.68318079970024,10.90337085723877
1537,6,1,9.5,10,3.8593878275545177,10.605167627334597
1538,6,1,10.5,10,3.0316634506881512,10.147146860758465
1539,6,1,11.5,10,3.972440108357149,10.45124340057373
1540,6,0,1.5,11,0.0004882812500855,0.3803009472939433
1541,6,0,2.5,11,0.0004882812500858,0.542844760630812
1542,6,0,3.5,11,0.0026216512532675,1.1485614840473448
1543,6,0,4.5,11,2.221848903049786,2.8682150561362505
1544,6,0,5.5,11,3.511307840689535,6.884529113769531
1545,6,0,6.5,11,3.664712843526295,7.835908699035644
1546,6,0,7.5,11,0.4269556488275051,7.78833646774292
1547,6,0,8.5,11,0.0004882812500287,9.081692695617676
1548,6,0,9.5,11,0.0004882812502343,8.637231508890787
1549,6,0,10.5,11,0.1123333580734544,9.128073930740356
1550,6,0,11.5,11,0.0309891139686319,9.377143144607544
1551,6,1,1.5,11,0.305937271352272,1.818712979366508
1552,6,1,2.5,11,0.112131368881128,1.1426940305365456
1553,6,1,3.5,11,0.0441256459014101,0.6311970576643944
1554,6,1,4.5,11,31.99999999999912,0.517485416748307
1555,6,1,5.5,11,0.7400960559667276,0.8457800162335237
1556,6,1,6.5,11,0.9487548448403909,0.269234213564131
1557,6,1,7.5,11,0.943077301824422,0.530356208483378
1558,6,1,8.5,11,31.999999999995545,2.5757202804088597
1559,6,1,9.5,11,31.99999999999995,3.762065847005163
1560,6,1,10.5,11,31.9999999986614,3.364184398204088
1561,6,1,11.5,11,31.9999999999946,3.926811048388481
1562,6,0,1.5,12,2.9743204408193686,2.5866922717541456
1563,6,0,2.5,12,0.9137764972775346,5.27663870404164
1564,6,0,3.5,12,1.1128371570143667,7.292744390666485
1565,6,0,4.5,12,0.0010086552632589,3.171763014048338
1566,6,0,5.5,12,0.0004882812500017,1.8910323321819305
1567,6,0,6.5,12,0.0004882812500074,4.232565784454346
1568,6,0,7.5,12,0.0004882812500005,6.424019145965576
1569,6,0,8.5,12,0.0004882812500003,7.255153179168701
1570,6,0,9.5,12,0.00048828125,8.665752410888672
1571,6,0,10.5,12,0.0004882812500007,9.179359436035156
1572,6,0,11.5,12,0.0004882812500025,8.447056770324707
1573,6,1,1.5,12,0.1187276360055097,3.241201992457112
1574,6,1,2.5,12,31.9999999999795,3.9304377399384975
1575,6,1,3.5,12,31.999999999999996,5.259294033050537
1576,6,1,4.5,12,4.1517743390606325,4.820948630571365
1577,6,1,5.5,12,3.705618753207774,4.7890026569366455
1578,6,1,6.5,12,4.116466554881978,4.579911708831787
1579,6,1,7.5,12,31.999999995479463,5.028047561645508
1580,6,1,8.5,12,31.99999999975786,5.332761466503143
1581,6,1,9.5,12,31.99999999604924,6.597826242446899
1582,6,1,10.5,12,31.99999994157553,5.83059295018514
1583,6,1,11.5,12,31.9999999999881,7.117122292518616
1584,7,0,1.5,1,0.056560351917508,5.2609685611724855
1585,7,0,2.5,1,0.2982124185637173,8.562099184308734
1586,7,0,3.5,1,2.409477862020608,9.013469378153482
1587,7,0,4.5,1,3.414471509033963,8.96330993825739
1588,7,0,5.5,1,2.831594250963126,10.12228446536594
1589,7,0,6.5,1,0.22998808865723,10.590948581695557
1590,7,0,7.5,1,0.0644458339545606,10.709691905975342
1591,7,0,8.5,1,22.17418697356761,9.277578966958185
1592,7,0,9.5,1,7.474236535887171,8.970148742198944
1593,7,0,10.5,1,19.11236873473897,9.309059818585714
1594,7,0,11.5,1,31.999999999107395,10.406310844421387
1595,7,1,1.5,1,1.7074690160723054,2.4872864638080543
1596,7,1,2.5,1,2.2012875655281574,5.738846529097784
1597,7,1,3.5,1,3.395446454517651,6.329698491096496
1598,7,1,4.5,1,3.2081293945823144,7.205112218856812
1599,7,1,5.5,1,3.3004500357141078,8.494244166782924
1600,7,1,6.5,1,3.3193122030968576,8.420963287353516
1601,7,1,7.5,1,3.959748568919848,10.138793468475342
1602,7,1,8.5,1,3.7555748143519887,9.773317098617554
1603,7,1,9.5,1,4.054202444010433,9.257187843322754
1604,7,1,10.5,1,5.651081586328082,10.837786515553791
1605,7,1,11.5,1,31.999999999940545,11.41298007965088
1606,7,0,1.5,2,31.99999999999876,4.177768157700361
1607,7,0,2.5,2,0.00048828125,4.480244667299332
1608,7,0,3.5,2,31.99999651900376,4.32904078410222
1609,7,0,4.5,2,5.384068705826942,4.806162792093613
1610,7,0,5.5,2,31.999999999996007,5.319447487592697
1611,7,0,6.5,2,31.999999999999368,5.309510231018066
1612,7,0,7.5,2,0.9672816348523964,6.671971225738526
1613,7,0,8.5,2,0.0155104143924919,7.280970811843872
1614,7,0,9.5,2,0.2203238214387451,7.567056941986084
1615,7,0,10.5,2,31.300209921112028,10.121580123901367
1616,7,0,11.5,2,0.7695812487088952,7.575158913930257
1617,7,1,1.5,2,31.99999999981573,3.891500586643815
1618,7,1,2.5,2,31.999999999984567,3.448664441400645
1619,7,1,3.5,2,31.999999999999996,2.8272891134023665
1620,7,1,4.5,2,11.179899845488803,4.012651650344624
1621,7,1,5.5,2,31.999999999877996,5.187382511470629
1622,7,1,6.5,2,31.99999999999868,5.920657304617075
1623,7,1,7.5,2,31.999999999998977,6.333895887647357
1624,7,1,8.5,2,31.9999999999836,6.815372467041016
1625,7,1,9.5,2,31.999999999999744,8.204931378364563
1626,7,1,10.5,2,31.999999999970605,7.74759840965271
1627,7,1,11.5,2,31.99999999984208,8.75761604309082
1628,7,0,1.5,3,5.532848080620736,6.981560943470824
1629,7,0,2.5,3,2.513442650339458,5.258351870054423
1630,7,0,3.5,3,31.999999999999275,4.986365851547037
1631,7,0,4.5,3,1.8580437329936923,2.847228112129065
1632,7,0,5.5,3,6.80010510021852,4.881059472759564
1633,7,0,6.5,3,31.999999901156087,5.505704022116131
1634,7,0,7.5,3,0.4348076416794189,3.558898165822029
1635,7,0,8.5,3,0.6014669304298335,5.948533535003662
1636,7,0,9.5,3,0.6212454473638958,5.708516803383827
1637,7,0,10.5,3,0.759012485461457,0.4020683765411377
1638,7,0,11.5,3,0.924302658127235,3.67716333270073
1639,7,1,1.5,3,11.7297350292734,7.421444828524911
1640,7,1,2.5,3,31.999999999792045,7.005612280368805
1641,7,1,3.5,3,31.99999999953983,6.258046436309814
1642,7,1,4.5,3,31.999999999993783,5.44889623778207
1643,7,1,5.5,3,31.999999999982546,5.152682867917148
1644,7,1,6.5,3,31.999999999504645,5.139297375312219
1645,7,1,7.5,3,31.99999999114914,5.093084848844088
1646,7,1,8.5,3,31.999999999999996,5.322638034820557
1647,7,1,9.5,3,31.999999999624706,5.5209599903651645
1648,7,1,10.5,3,0.1305134432544709,5.887629747390747
1649,7,1,11.5,3,0.0324952590050902,6.789526462554932
1650,7,0,1.5,4,31.99999999818995,3.662353426602579
1651,7,0,2.5,4,31.99999999999316,6.371830896897749
1652,7,0,3.5,4,31.99999999981736,8.427158832550049
1653,7,0,4.5,4,31.999999995266528,9.75784402735093
1654,7,0,5.5,4,31.999999982873238,10.1210618019104
1655,7,0,6.5,4,31.24879131754421,10.350721465216743
1656,7,0,7.5,4,2.4897496657264004,10.81071662902832
1657,7,0,8.5,4,2.238395582518105,10.718389238630024
1658,7,0,9.5,4,3.362644790981617,11.237482786178589
1659,7,0,10.5,4,4.014816491793434,10.656058856419154
1660,7,0,11.5,4,4.178671085889636,11.075587953839984
1661,7,1,1.5,4,2.678165437046489,2.840236591331681
1662,7,1,2.5,4,31.999999997328715,7.219149375783986
1663,7,1,3.5,4,0.4322320442443121,9.48027990959786
1664,7,1,4.5,4,0.0419435461241765,9.341674467612956
1665,7,1,5.5,4,0.0280483658490297,10.220221845727218
1666,7,1,6.5,4,0.2195291591807384,9.08268023792066
1667,7,1,7.5,4,0.0581536681825292,9.154273219730545
1668,7,1,8.5,4,0.0048939431966129,7.840398321981016
1669,7,1,9.5,4,0.2964848517578136,8.3286254826714
1670,7,1,10.5,4,31.999999992108293,8.45109214101519
1671,7,1,11.5,4,0.1358908530299989,9.93947001064525
1672,7,0,1.5,5,31.99999997902632,3.5338739238936325
1673,7,0,2.5,5,1.7220101741956149,6.539074718952179
1674,7,0,3.5,5,0.874100445169468,6.063798330724239
1675,7,0,4.5,5,1.228288831509179,4.325109744071961
1676,7,0,5.5,5,17.533760796240646,6.181920248270035
1677,7,0,6.5,5,28.945646150171434,6.418743994500902
1678,7,0,7.5,5,0.9076727786755096,5.8010277390480045
1679,7,0,8.5,5,0.5781351315800958,6.507782244682312
1680,7,0,9.5,5,0.6347051200216676,5.431964132520887
1681,7,0,10.5,5,0.6012770344803555,4.98626675605774
1682,7,0,11.5,5,0.854217704810871,4.364387886864798
1683,7,1,1.5,5,2.325622186071417,1.7610206323054929
1684,7,1,2.5,5,10.45218533473185,8.21247610391355
1685,7,1,3.5,5,0.0026710536570369,9.358221660960805
1686,7,1,4.5,5,4.132325306721532,10.019793398240031
1687,7,1,5.5,5,16.31381621823047,10.249226474761963
1688,7,1,6.5,5,31.406374309652964,10.088345623016355
1689,7,1,7.5,5,1.7655854039750345,9.812546372413635
1690,7,1,8.5,5,0.7054041224978576,9.503393411636353
1691,7,1,9.5,5,0.7985433230222055,9.69662868976593
1692,7,1,10.5,5,0.5483018854132127,8.224052906036377
1693,7,1,11.5,5,0.0149596672997544,9.228906154632568
1694,7,0,1.5,6,31.99999999999749,6.908883446738834
1695,7,0,2.5,6,31.99999999962261,9.097528103419712
1696,7,0,3.5,6,31.99999999979792,9.40088939666748
1697,7,0,4.5,6,31.99999999996133,9.237409750620523
1698,7,0,5.5,6,31.999999999999996,9.25334698813302
1699,7,0,6.5,6,31.143572532838707,9.60341399056571
1700,7,0,7.5,6,31.999999999999996,9.281160990397137
1701,7,0,8.5,6,0.4880460319463058,10.163007259368896
1702,7,0,9.5,6,0.0268268893825375,10.102396202087402
1703,7,0,10.5,6,0.0019629870244262,10.03424608707428
1704,7,0,11.5,6,0.6278296713621722,10.059170405069986
1705,7,1,1.5,6,31.999999998418826,3.832511640992016
1706,7,1,2.5,6,31.99999999999759,9.7465017406564
1707,7,1,3.5,6,31.99999999999969,11.414996719360351
1708,7,1,4.5,6,31.999999999738257,11.40999984741211
1709,7,1,5.5,6,31.999999999278657,11.418468735434791
1710,7,1,6.5,6,31.99999999994921,11.410078048706056
1711,7,1,7.5,6,31.999999999947,11.381518840789797
1712,7,1,8.5,6,18.501882285405657,11.40457992553711
1713,7,1,9.5,6,31.99999999999996,11.18951733907064
1714,7,1,10.5,6,31.99999997840291,11.322582244873049
1715,7,1,11.5,6,31.999999998883908,11.392990748087565
1716,7,0,1.5,7,0.1358859959828431,4.378385601899563
1717,7,0,2.5,7,0.011782215358872,8.962890003666732
1718,7,0,3.5,7,0.0748616803086989,10.613088369369509
1719,7,0,4.5,7,0.2140561987314161,10.125450481068004
1720,7,0,5.5,7,0.7455243675069234,9.4039146900177
1721,7,0,6.5,7,1.3751497175081058,9.316988127572197
1722,7,0,7.5,7,0.5348107911933827,8.88399600982666
1723,7,0,8.5,7,1.5979831732221523,8.782468795776367
1724,7,0,9.5,7,1.6978660147955456,8.659668922424316
1725,7,0,10.5,7,1.2556996737190558,9.234034538269045
1726,7,0,11.5,7,1.5360394932141477,8.64271322886149
1727,7,1,1.5,7,0.0422028050816456,5.418801557633184
1728,7,1,2.5,7,0.001100160368822,8.372729527748238
1729,7,1,3.5,7,0.0016702906334179,8.172425190607706
1730,7,1,4.5,7,0.0022326469485454,9.160533081401478
1731,7,1,5.5,7,0.0177930262219743,8.620173772176107
1732,7,1,6.5,7,0.0037586400575195,9.819797347573672
1733,7,1,7.5,7,0.0055775531379787,10.147842103784734
1734,7,1,8.5,7,0.007042972949198,9.868262377652256
1735,7,1,9.5,7,0.007118260621915,11.04094902674357
1736,7,1,10.5,7,0.0205043822385242,10.44879913330078
1737,7,1,11.5,7,0.2254940467027278,10.397829413414
1738,7,0,1.5,8,0.341960952192972,3.1279874175944657
1739,7,0,2.5,8,0.8710960571138132,1.9448842286102237
1740,7,0,3.5,8,1.8993517760303205,1.5055316712545312
1741,7,0,4.5,8,2.800590371399326,2.3756576304634414
1742,7,0,5.5,8,29.318570835962618,2.3475601971149445
1743,7,0,6.5,8,30.241630121879016,2.2526062548160555
1744,7,0,7.5,8,1.689821932386683,4.39826250076294
1745,7,0,8.5,8,0.5843481145971924,2.367022857069969
1746,7,0,9.5,8,0.670094841378465,2.015498727560044
1747,7,0,10.5,8,0.7421710319321272,0.9950349479913712
1748,7,0,11.5,8,0.7963811421811554,1.4056055024266243
1749,7,1,1.5,8,0.0834707569750146,3.962852219985837
1750,7,1,2.5,8,18.312812540250192,4.236244519551595
1751,7,1,3.5,8,0.5315159669515687,2.671113278184618
1752,7,1,4.5,8,0.000488281250001,2.204532987541622
1753,7,1,5.5,8,0.5745436469694544,0.2000000029802322
1754,7,1,6.5,8,0.5872963375250488,1.8898698538541796
1755,7,1,7.5,8,1.2900260444885765,0.29248271510005
1756,7,1,8.5,8,1.105353356749408,1.7254402016599972
1757,7,1,9.5,8,1.1895414043448636,0.2000000029802322
1758,7,1,10.5,8,1.3253362572831764,0.2000000029802322
1759,7,1,11.5,8,0.9016318855895388,0.2000000029802322
1760,7,0,1.5,9,31.99999999958562,5.3171680521320654
1761,7,0,2.5,9,2.549024299494379,6.605662941932678
1762,7,0,3.5,9,31.99999999998326,8.285127776009697
1763,7,0,4.5,9,31.9999999999767,9.000200510025024
1764,7,0,5.5,9,31.99999999840582,8.964755058288574
1765,7,0,6.5,9,31.999999999351797,9.553391236525316
1766,7,0,7.5,9,31.999999999999226,10.322932839393616
1767,7,0,8.5,9,31.99999999999949,9.351066801283094
1768,7,0,9.5,9,31.99999999999777,10.04641342163086
1769,7,0,10.5,9,31.999999999996582,9.768833994865416
1770,7,0,11.5,9,31.99999999993268,9.405861377716064
1771,7,1,1.5,9,0.0743695482151272,5.365061406238538
1772,7,1,2.5,9,0.0616943761514254,10.97032114516857
1773,7,1,3.5,9,0.1418174631228068,10.8692444392613
1774,7,1,4.5,9,0.0066874573396472,10.37270096370152
1775,7,1,5.5,9,0.0004882812500009,10.046212514241535
1776,7,1,6.5,9,0.0004882812500376,8.982290935516357
1777,7,1,7.5,9,0.0004882812500001,7.632866829633712
1778,7,1,8.5,9,0.0004882812500001,7.149582599600156
1779,7,1,9.5,9,0.0007580971099944,10.350053787231444
1780,7,1,10.5,9,0.0004882812500559,9.044971312795369
1781,7,1,11.5,9,0.0012656682177505,6.6802012622356415
1782,7,0,1.5,10,0.0028585487576329,1.6012684475115644
1783,7,0,2.5,10,0.4537809202483754,0.5244559111154597
1784,7,0,3.5,10,0.3980868630117725,1.138345874075232
1785,7,0,4.5,10,1.167576398636628,0.7465243011713028
1786,7,0,5.5,10,31.383605636065298,1.6927709355950356
1787,7,0,6.5,10,1.921249664695161,5.77875026067098
1788,7,0,7.5,10,2.099553421126754,5.8356984456380205
1789,7,0,8.5,10,5.173319126663148,8.561805844306946
1790,7,0,9.5,10,0.5490498962837242,9.307560443878174
1791,7,0,10.5,10,0.8815384044089417,8.643795251846313
1792,7,0,11.5,10,5.985720951991709,8.97506856918335
1793,7,1,1.5,10,9.486157883159407,4.512296987463766
1794,7,1,2.5,10,0.6535119455151034,9.408268686653912
1795,7,1,3.5,10,31.999999980125843,6.844721955912454
1796,7,1,4.5,10,31.999999999960508,3.546216775973638
1797,7,1,5.5,10,31.999999999997044,2.4671148962595244
1798,7,1,6.5,10,31.99999999999985,1.92630235850811
1799,7,1,7.5,10,31.999999999998536,2.136002846635305
1800,7,1,8.5,10,31.999999999778545,3.08802216053009
1801,7,1,9.5,10,31.9999999997629,3.21515634059906
1802,7,1,10.5,10,31.999999999999996,3.4245722889900208
1803,7,1,11.5,10,0.665941331709995,1.203836753964424
1804,7,0,1.5,11,1.7761950408424192,4.838917533556621
1805,7,0,2.5,11,31.99999999999887,9.041339417721362
1806,7,0,3.5,11,1.3853548086453575,9.93320647875468
1807,7,0,4.5,11,1.7592982764255558,9.680629094441732
1808,7,0,5.5,11,1.9885201838532032,9.776468912760416
1809,7,0,6.5,11,28.213943800810096,9.68289210579612
1810,7,0,7.5,11,2.038850337305952,10.17309045791626
1811,7,0,8.5,11,2.22461748997459,8.862992286682129
1812,7,0,9.5,11,0.6574854485714432,9.686893081665035
1813,7,0,10.5,11,0.6927444003246882,9.612927436828612
1814,7,0,11.5,11,3.60002115499172,9.414971351623535
1815,7,1,1.5,11,31.999999999995048,4.168683657392126
1816,7,1,2.5,11,31.999999999999964,7.272234720096254
1817,7,1,3.5,11,2.1135562895575624,5.285256562409578
1818,7,1,4.5,11,2.869783429615518,4.731794993082683
1819,7,1,5.5,11,28.57779085588087,3.7296282291412353
1820,7,1,6.5,11,0.2650091508738931,3.340402523676554
1821,7,1,7.5,11,0.2107665444957521,2.3132458925247192
1822,7,1,8.5,11,0.1897991888330897,1.7752931771370082
1823,7,1,9.5,11,0.0146238889049813,1.5509999713727407
1824,7,1,10.5,11,0.0146989063527241,1.5093001208522103
1825,7,1,11.5,11,0.0146646320901195,2.1518513541668653
1826,7,0,1.5,12,2.4533872597242308,9.164609018078556
1827,7,0,2.5,12,1.2954913523229843,11.332991832011457
1828,7,0,3.5,12,1.3141778041138752,8.934062949989153
1829,7,0,4.5,12,0.5782072213982132,8.82510240674019
1830,7,0,5.5,12,0.0004882842805836,7.624748075008393
1831,7,0,6.5,12,7.989687314872194,6.743856449921926
1832,7,0,7.5,12,31.999999998233264,8.493691314350475
1833,7,0,8.5,12,0.4971391205426625,7.084959586461385
1834,7,0,9.5,12,1.5402186908735285,6.058391273021698
1835,7,0,10.5,12,1.6164087712793516,5.292226155598958
1836,7,0,11.5,12,1.8218480832748003,4.987660598754883
1837,7,1,1.5,12,31.999999999999893,5.453188583634116
1838,7,1,2.5,12,0.5079078700195012,9.778522951287382
1839,7,1,3.5,12,2.4395384145389905,1.914429115007321
1840,7,1,4.5,12,2.849027251152405,1.9364466384567065
1841,7,1,5.5,12,4.0161756678272615,2.4576413333415985
1842,7,1,6.5,12,4.41172940602832,5.420479831951005
1843,7,1,7.5,12,0.5531259391896214,5.481161257395377
1844,7,1,8.5,12,0.5725409704738594,6.966245038942858
1845,7,1,9.5,12,0.5632776771623232,6.001100808382034
1846,7,1,10.5,12,31.999999999999996,7.698023120562236
1847,7,1,11.5,12,0.6922473592515996,6.447593887646993
